id,pair,side,entry,exit,lot,margin,pnl,exit_reason,entry_date,exit_date,duration_bars,leverage
d22945d1,EURUSD,buy,1.0866,1.08812,0.92,199.9142,109.9338,tp,2023-01-27,2023-01-30,1,500
7907c1fb,USDCAD,sell,1.33057,1.3319,0.75,199.605,-129.7482,sl,2023-01-27,2023-01-30,1,500
555dce2c,AUDUSD,buy,0.70605,0.70534,1.41,199.0864,-129.4012,sl,2023-01-30,2023-01-31,1,500
eb446ab8,GBPUSD,buy,1.23512,1.23685,0.81,200.07,110.0195,tp,2023-01-30,2023-01-31,1,500
a766ae9b,EURUSD,buy,1.08491,1.08643,0.92,199.6032,109.7628,tp,2023-01-30,2023-01-31,1,500
bd86c2b2,USDCAD,sell,1.33847,1.33659,0.75,200.79,110.4536,tp,2023-01-30,2023-01-31,1,500
cdcf677c,AUDUSD,buy,0.70549,0.70648,1.44,203.161,111.7192,tp,2023-01-31,2023-02-01,1,500
3394abde,USDCAD,sell,1.33038,1.32851,0.77,204.8985,112.7137,tp,2023-01-31,2023-02-01,1,500
178496f3,EURUSD,buy,1.08637,1.08789,0.94,204.2169,112.2999,tp,2023-01-31,2023-02-01,1,500
90f6f08a,GBPUSD,buy,1.23211,1.23384,0.83,204.5103,112.4613,tp,2023-01-31,2023-02-01,1,500
fae54dcd,USDJPY,buy,128.93589,129.11636,0.01,257.846,141.7908,tp,2023-02-01,2023-02-02,1,500
023f5ae7,USDCAD,sell,1.32877,1.32691,0.8,212.624,116.9634,tp,2023-02-01,2023-02-02,1,500
8041426b,AUDUSD,buy,0.70767,0.70696,1.54,217.9408,-141.6561,sl,2023-02-02,2023-02-03,1,500
6cfa427a,EURUSD,buy,1.09103,1.09256,1.0,218.184,119.9805,tp,2023-02-02,2023-02-03,1,500
f7dde01b,USDCAD,sell,1.3313,1.33263,0.82,218.3545,-141.9359,sl,2023-02-02,2023-02-03,1,500
c4e1f2cc,USDJPY,buy,131.36013,131.544,0.01,262.694,144.4567,tp,2023-02-10,2023-02-13,1,500
5d4464ac,USDCAD,buy,1.33433,1.3362,0.8,213.472,117.3893,tp,2023-02-10,2023-02-13,1,500
ab5632b9,USDJPY,buy,132.41324,132.59858,0.01,264.8,145.6148,tp,2023-02-13,2023-02-14,1,500
21bcf74f,USDJPY,buy,133.17132,133.35772,0.01,266.316,146.4485,tp,2023-02-14,2023-02-15,1,500
837f64b3,USDCAD,buy,1.33367,1.33554,0.83,221.3676,121.7312,tp,2023-02-14,2023-02-15,1,500
b66b4899,USDJPY,buy,133.94539,134.13288,0.01,267.864,147.2998,tp,2023-02-16,2023-02-17,1,500
215afb95,USDJPY,buy,134.12741,134.31515,0.01,268.228,147.4999,tp,2023-02-17,2023-02-20,1,500
0ba729c3,GBPUSD,sell,1.20383,1.20214,0.96,231.1584,127.1591,tp,2023-02-17,2023-02-20,1,500
902bb01b,AUDUSD,buy,0.69067,0.69164,1.71,236.1852,129.8794,tp,2023-02-20,2023-02-21,1,500
8ad16227,EURUSD,sell,1.06446,1.06297,1.12,238.4637,131.1777,tp,2023-02-21,2023-02-22,1,500
02f8f926,EURUSD,sell,1.06023,1.05875,1.14,241.7575,132.9896,tp,2023-02-22,2023-02-23,1,500
24dbf21b,GBPUSD,sell,1.2045,1.20281,1.0,240.924,132.5311,tp,2023-02-22,2023-02-23,1,500
0092ac1a,EURUSD,sell,1.05949,1.05801,1.17,247.9464,136.3941,tp,2023-02-23,2023-02-24,1,500
25f42312,GBPUSD,sell,1.20098,1.1993,1.03,247.4266,136.1081,tp,2023-02-23,2023-02-24,1,500
b1c7c9ce,GBPUSD,sell,1.19398,1.19231,1.06,253.1492,139.2561,tp,2023-02-24,2023-02-27,1,500
0461fe93,USDCAD,buy,1.35744,1.35934,0.94,255.1724,140.3206,tp,2023-02-27,2023-02-28,1,500
481db6e8,EURUSD,sell,1.06069,1.05921,1.2,254.592,140.0498,tp,2023-02-27,2023-02-28,1,500
4477ca0e,GBPUSD,sell,1.20618,1.20449,1.06,255.7356,140.6789,tp,2023-02-27,2023-02-28,1,500
9faa5e03,EURUSD,sell,1.05737,1.05843,1.25,264.37,-171.8471,sl,2023-02-28,2023-03-01,1,500
592001b4,GBPUSD,sell,1.20188,1.2002,1.1,264.44,145.4671,tp,2023-02-28,2023-03-01,1,500
66f79660,USDCAD,buy,1.35924,1.36114,0.97,263.6654,144.9909,tp,2023-03-01,2023-03-02,1,500
3d623abe,AUDUSD,sell,0.67589,0.67495,1.95,263.6244,145.0185,tp,2023-03-01,2023-03-02,1,500
5bb507df,EURUSD,sell,1.06649,1.065,1.23,262.3836,144.3359,tp,2023-03-01,2023-03-02,1,500
7ae24c48,AUDUSD,sell,0.67288,0.67356,2.02,271.8718,-176.7235,sl,2023-03-02,2023-03-03,1,500
03059c8d,USDCAD,buy,1.3597,1.3616,1.0,271.912,149.5258,tp,2023-03-02,2023-03-03,1,500
b5f8e0cd,GBPUSD,sell,1.19405,1.19524,1.14,272.2708,-176.9828,sl,2023-03-02,2023-03-03,1,500
410b8ae5,EURUSD,sell,1.05955,1.06061,1.28,271.273,-176.3342,sl,2023-03-02,2023-03-03,1,500
799e95de,USDJPY,buy,135.84458,136.03472,0.01,271.662,149.3883,tp,2023-03-03,2023-03-06,1,500
f77304d7,USDCAD,buy,1.35924,1.36114,0.97,263.6654,144.9909,tp,2023-03-03,2023-03-06,1,500
3e302c2c,AUDUSD,sell,0.67667,0.67572,1.95,263.9286,145.1858,tp,2023-03-03,2023-03-06,1,500
e67db801,EURUSD,sell,1.06326,1.06433,1.24,263.7158,-171.4218,sl,2023-03-03,2023-03-06,1,500
3dc1256a,USDJPY,buy,135.91859,136.10884,0.01,271.81,149.4697,tp,2023-03-06,2023-03-07,1,500
e2eec317,AUDUSD,sell,0.6729,0.67196,2.0,269.188,148.079,tp,2023-03-06,2023-03-07,1,500
f01d346b,USDCAD,buy,1.36127,1.36317,0.99,269.5037,148.2015,tp,2023-03-06,2023-03-07,1,500
f96f5e13,GBPUSD,sell,1.18267,1.18102,1.18,279.1384,153.5527,tp,2023-03-07,2023-03-08,1,500
163ed0b4,EURUSD,sell,1.05479,1.05332,1.32,278.4936,153.1979,tp,2023-03-07,2023-03-08,1,500
924dd19f,GBPUSD,sell,1.18391,1.1851,1.2,284.1672,-184.7158,sl,2023-03-08,2023-03-09,1,500
ab9607f4,EURUSD,sell,1.05419,1.05525,1.35,284.661,-185.0368,sl,2023-03-08,2023-03-09,1,500
d9aa65f8,USDJPY,buy,136.14561,136.33618,0.01,272.264,149.7193,tp,2023-03-09,2023-03-10,1,500
1ec84e8a,GBPUSD,sell,1.19228,1.19347,1.16,276.6368,-179.8208,sl,2023-03-09,2023-03-10,1,500
49120cfa,EURUSD,sell,1.0578,1.05886,1.31,277.1724,-180.169,sl,2023-03-09,2023-03-10,1,500
44c65fa3,USDCAD,buy,1.37315,1.37177,0.99,271.856,-176.6996,sl,2023-03-13,2023-03-14,1,500
b81886bb,AUDUSD,sell,0.66653,0.6656,2.05,273.306,150.3443,tp,2023-03-13,2023-03-14,1,500
42880482,USDCAD,buy,1.36835,1.37026,1.0,273.642,150.4771,tp,2023-03-14,2023-03-15,1,500
013e8c44,AUDUSD,sell,0.66787,0.66694,2.04,272.5195,149.9116,tp,2023-03-14,2023-03-15,1,500
cd5cb3cf,USDCAD,buy,1.37621,1.37813,1.01,277.9661,152.855,tp,2023-03-15,2023-03-16,1,500
18bcf9a0,AUDUSD,sell,0.66123,0.6619,2.11,279.0686,-181.4016,sl,2023-03-15,2023-03-16,1,500
fedfb322,USDCAD,buy,1.37218,1.3741,1.01,277.1521,152.4073,tp,2023-03-16,2023-03-17,1,500
c9218221,AUDUSD,sell,0.66514,0.66581,2.09,278.0578,-180.7445,sl,2023-03-16,2023-03-17,1,500
c862a22a,GBPUSD,buy,1.22692,1.22864,1.13,277.2568,152.4649,tp,2023-03-22,2023-03-23,1,500
c74346b7,GBPUSD,buy,1.22882,1.22759,1.14,280.1436,-182.0863,sl,2023-03-23,2023-03-24,1,500
269d9264,EURUSD,buy,1.08332,1.08224,1.29,279.4682,-181.6473,sl,2023-03-23,2023-03-24,1,500
95b70a76,GBPUSD,buy,1.22312,1.22483,1.12,273.952,150.6476,tp,2023-03-24,2023-03-27,1,500
c0771060,EURUSD,buy,1.07599,1.07749,1.27,273.2735,150.2745,tp,2023-03-24,2023-03-27,1,500
d29a9b7a,GBPUSD,buy,1.22839,1.23011,1.14,280.0456,153.9985,tp,2023-03-27,2023-03-28,1,500
e544b259,EURUSD,buy,1.07978,1.08129,1.29,278.5549,153.1787,tp,2023-03-27,2023-03-28,1,500
ffea30ee,USDJPY,sell,130.82092,130.95176,0.01,261.668,-170.0907,sl,2023-03-28,2023-03-29,1,500
ca2f98dd,GBPUSD,buy,1.23362,1.23535,1.16,286.172,157.3674,tp,2023-03-28,2023-03-29,1,500
74154464,EURUSD,buy,1.0841,1.08562,1.32,286.1734,157.3682,tp,2023-03-28,2023-03-29,1,500
25cd6744,USDJPY,sell,132.70373,132.5179,0.01,265.434,146.0139,tp,2023-03-29,2023-03-30,1,500
c7786ed0,GBPUSD,buy,1.23152,1.23325,1.17,288.1476,158.4538,tp,2023-03-29,2023-03-30,1,500
192d8565,EURUSD,buy,1.08406,1.08558,1.33,288.3307,158.5545,tp,2023-03-29,2023-03-30,1,500
29129ba5,USDJPY,sell,132.63574,132.76839,0.01,265.298,-172.4503,sl,2023-03-30,2023-03-31,1,500
bf9ead5c,GBPUSD,buy,1.23878,1.24052,1.2,297.2784,163.4749,tp,2023-03-30,2023-03-31,1,500
427a097e,EURUSD,buy,1.09057,1.0921,1.36,296.6051,163.1046,tp,2023-03-30,2023-03-31,1,500
ce51e02f,GBPUSD,buy,1.23342,1.23515,1.22,300.9252,165.4803,tp,2023-03-31,2023-04-03,1,500
eed4e1ae,EURUSD,buy,1.08392,1.08544,1.39,301.2992,165.6859,tp,2023-03-31,2023-04-03,1,500
3cc5ba0e,GBPUSD,buy,1.24172,1.24346,1.24,307.9168,169.325,tp,2023-04-03,2023-04-04,1,500
4ae09515,EURUSD,buy,1.09017,1.09169,1.41,307.3969,169.0391,tp,2023-04-03,2023-04-04,1,500
3c3aac4d,USDJPY,sell,131.70483,131.5204,0.01,263.436,144.9148,tp,2023-04-04,2023-04-05,1,500
ae1c1103,EURUSD,buy,1.09551,1.09441,1.43,313.2844,-203.627,sl,2023-04-04,2023-04-05,1,500
88898759,USDJPY,sell,131.21788,131.03413,0.01,262.462,144.379,tp,2023-04-05,2023-04-06,1,500
c82189fd,GBPUSD,buy,1.24622,1.24797,1.25,311.525,171.3092,tp,2023-04-05,2023-04-06,1,500
680dde05,EURUSD,buy,1.09068,1.09221,1.43,311.903,171.517,tp,2023-04-05,2023-04-06,1,500
3197af60,GBPUSD,buy,1.24381,1.24257,1.3,323.3594,-210.1755,sl,2023-04-06,2023-04-07,1,500
c9758f2b,EURUSD,buy,1.09187,1.09078,1.48,323.161,-210.0465,sl,2023-04-06,2023-04-07,1,500
90b8efd5,GBPUSD,buy,1.24169,1.24343,1.26,312.8756,172.0519,tp,2023-04-07,2023-04-10,1,500
29521ca6,EURUSD,buy,1.09025,1.08916,1.44,313.9603,-204.0664,sl,2023-04-07,2023-04-10,1,500
219dae9e,USDCAD,sell,1.35061,1.34872,1.16,313.374,172.3855,tp,2023-04-10,2023-04-11,1,500
ae079bac,GBPUSD,buy,1.23842,1.24016,1.27,314.5282,172.9606,tp,2023-04-10,2023-04-11,1,500
2116ed43,EURUSD,buy,1.08601,1.08753,1.44,312.7392,171.9768,tp,2023-04-10,2023-04-11,1,500
8b522ff5,USDCAD,sell,1.34625,1.34436,1.2,323.1312,177.7529,tp,2023-04-11,2023-04-12,1,500
cdd74677,GBPUSD,buy,1.24276,1.2445,1.3,323.0864,177.6668,tp,2023-04-11,2023-04-12,1,500
fe1f76a4,EURUSD,buy,1.09106,1.09259,1.48,322.9212,177.576,tp,2023-04-11,2023-04-12,1,500
3383e784,USDCAD,sell,1.34389,1.342,1.24,333.317,183.356,tp,2023-04-12,2023-04-13,1,500
1f60b38b,EURUSD,buy,1.09925,1.10079,1.52,334.1386,183.7445,tp,2023-04-12,2023-04-13,1,500
fb7ba3f0,GBPUSD,buy,1.24851,1.25026,1.34,334.5685,183.9809,tp,2023-04-12,2023-04-13,1,500
4969a5c1,GBPUSD,buy,1.25254,1.25429,1.38,345.6652,190.083,tp,2023-04-13,2023-04-14,1,500
d8e7fe68,USDJPY,buy,133.75837,133.9456,0.01,267.49,147.0941,tp,2023-04-14,2023-04-17,1,500
d5396800,EURUSD,buy,1.09921,1.09811,1.59,349.5138,-227.1752,sl,2023-04-14,2023-04-17,1,500
a01a6396,GBPUSD,buy,1.24142,1.24316,1.41,350.0466,192.4924,tp,2023-04-14,2023-04-17,1,500
c91ccee9,USDJPY,buy,134.43944,134.62762,0.01,268.852,147.8431,tp,2023-04-17,2023-04-18,1,500
baed1146,USDCAD,sell,1.33912,1.33724,1.31,350.8835,193.0193,tp,2023-04-17,2023-04-18,1,500
9d0c4dd3,EURUSD,buy,1.09264,1.09417,1.61,351.7947,193.4536,tp,2023-04-17,2023-04-18,1,500
54b73c47,USDJPY,buy,134.08741,134.27509,0.01,268.148,147.4559,tp,2023-04-18,2023-04-19,1,500
a35ff55b,USDCAD,sell,1.33896,1.3403,1.35,361.5543,-235.0193,sl,2023-04-18,2023-04-19,1,500
54bfd2ae,AUDUSD,sell,0.6726,0.67166,2.69,361.8965,199.0774,tp,2023-04-18,2023-04-19,1,500
1bcc5419,EURUSD,buy,1.09716,1.09606,1.65,362.0265,-235.3082,sl,2023-04-18,2023-04-19,1,500
80c00641,USDJPY,buy,134.61446,134.80288,0.01,269.202,148.0355,tp,2023-04-19,2023-04-20,1,500
c521a4fe,USDJPY,buy,134.23342,134.42131,0.01,268.44,147.6165,tp,2023-04-20,2023-04-21,1,500
0b50152e,USDCAD,sell,1.34737,1.34871,1.35,363.825,-236.4953,sl,2023-04-20,2023-04-21,1,500
f743eb92,USDJPY,buy,134.10941,134.29712,0.01,268.192,147.4801,tp,2023-04-21,2023-04-24,1,500
3c753c7d,USDJPY,buy,134.19942,134.38726,0.01,268.372,147.5791,tp,2023-04-24,2023-04-25,1,500
f846e9ab,EURUSD,buy,1.10452,1.10607,1.65,364.4553,200.4158,tp,2023-04-24,2023-04-25,1,500
b3ac04c0,USDJPY,buy,133.74337,133.60965,0.01,267.46,-173.8423,sl,2023-04-25,2023-04-26,1,500
b967a0d8,AUDUSD,sell,0.6626,0.66168,2.8,371.0952,204.1376,tp,2023-04-25,2023-04-26,1,500
1738f058,USDJPY,buy,133.63736,133.82441,0.01,267.248,146.961,tp,2023-04-26,2023-04-27,1,500
e221ed14,GBPUSD,sell,1.24658,1.24483,1.49,371.5166,204.3694,tp,2023-04-26,2023-04-27,1,500
6741d89b,AUDUSD,sell,0.66033,0.66099,2.81,371.1448,-241.2534,sl,2023-04-26,2023-04-27,1,500
9592a311,USDJPY,buy,133.90339,134.09081,0.01,267.78,147.2536,tp,2023-04-27,2023-04-28,1,500
a4d1ecf9,AUDUSD,sell,0.66262,0.6617,2.82,373.7572,205.6019,tp,2023-04-27,2023-04-28,1,500
1fecbbab,GBPUSD,sell,1.2492,1.24745,1.5,374.796,206.1734,tp,2023-04-27,2023-04-28,1,500
09ee91ea,EURUSD,sell,1.10239,1.10085,1.69,372.645,204.9902,tp,2023-04-27,2023-04-28,1,500
61f37d69,AUDUSD,sell,0.66105,0.66172,2.94,388.7386,-252.6898,sl,2023-04-28,2023-05-01,1,500
c99d554c,AUDUSD,sell,0.66259,0.66326,2.9,384.3428,-249.8324,sl,2023-05-01,2023-05-02,1,500
13e7c524,USDJPY,buy,136.53665,136.40014,0.01,273.046,-177.4731,sl,2023-05-02,2023-05-03,1,500
19a3be5d,AUDUSD,sell,0.66612,0.66519,2.84,378.3959,208.1537,tp,2023-05-02,2023-05-03,1,500
655ad867,USDCAD,buy,1.3607,1.3626,1.39,378.2357,207.9937,tp,2023-05-03,2023-05-04,1,500
2486d4d9,AUDUSD,sell,0.66699,0.66606,2.84,378.8901,208.4255,tp,2023-05-03,2023-05-04,1,500
5059cea3,USDJPY,buy,134.24642,134.43433,0.01,268.466,147.6308,tp,2023-05-04,2023-05-05,1,500
8d8a2f0c,USDCAD,buy,1.35384,1.35248,1.43,387.1582,-251.6432,sl,2023-05-04,2023-05-05,1,500
a9d2aefb,GBPUSD,buy,1.25727,1.25903,1.54,387.1991,212.9227,tp,2023-05-04,2023-05-05,1,500
40e6c8a1,USDJPY,buy,134.83248,135.02121,0.01,269.638,148.2753,tp,2023-05-05,2023-05-08,1,500
cfb98786,GBPUSD,buy,1.26312,1.26488,1.54,389.0009,213.9136,tp,2023-05-05,2023-05-08,1,500
d429b2a1,USDCAD,sell,1.33697,1.33509,1.46,390.4332,214.7754,tp,2023-05-05,2023-05-08,1,500
d87294bb,USDJPY,buy,135.06751,135.25656,0.01,270.108,148.5337,tp,2023-05-08,2023-05-09,1,500
94c5439a,USDCAD,sell,1.33667,1.338,1.5,401.04,-260.686,sl,2023-05-08,2023-05-09,1,500
a0705ae8,GBPUSD,buy,1.26193,1.26369,1.59,401.2524,220.6507,tp,2023-05-08,2023-05-09,1,500
63e485df,USDCAD,sell,1.33824,1.33636,1.51,404.1877,222.3417,tp,2023-05-09,2023-05-10,1,500
526b1e0a,USDJPY,buy,135.21852,135.40779,0.01,270.41,148.6998,tp,2023-05-09,2023-05-10,1,500
bba61142,GBPUSD,buy,1.2618,1.26356,1.6,403.7344,222.0156,tp,2023-05-09,2023-05-10,1,500
fdadce64,USDCAD,sell,1.33662,1.33795,1.55,414.3925,-269.3655,sl,2023-05-10,2023-05-11,1,500
465a7b24,GBPUSD,buy,1.26227,1.261,1.65,416.5062,-270.7186,sl,2023-05-10,2023-05-11,1,500
1690b9fb,USDCAD,sell,1.34866,1.35,1.5,404.637,-263.0242,sl,2023-05-11,2023-05-12,1,500
465b134c,USDJPY,sell,135.73143,135.86718,0.01,271.49,-176.4753,sl,2023-05-12,2023-05-15,1,500
941cc22e,AUDUSD,buy,0.66398,0.66491,3.01,399.6738,219.7826,tp,2023-05-12,2023-05-15,1,500
f4632f0e,USDCAD,sell,1.34624,1.34435,1.49,401.2183,220.7082,tp,2023-05-15,2023-05-16,1,500
6ec6197e,AUDUSD,sell,0.66556,0.66463,3.04,404.703,222.6251,tp,2023-05-16,2023-05-17,1,500
53112b67,USDCAD,sell,1.34758,1.34569,1.5,404.313,222.4106,tp,2023-05-16,2023-05-17,1,500
0b7567cb,AUDUSD,sell,0.66599,0.66506,3.11,414.2893,227.8985,tp,2023-05-17,2023-05-18,1,500
c2984efb,USDCAD,sell,1.345,1.34634,1.54,414.3,-269.3054,sl,2023-05-17,2023-05-18,1,500
834d7806,AUDUSD,sell,0.66203,0.6627,3.12,413.1504,-268.5581,sl,2023-05-18,2023-05-19,1,500
10b00fe9,USDJPY,buy,137.89179,138.08479,0.01,275.756,151.6396,tp,2023-05-19,2023-05-22,1,500
5c4fe513,AUDUSD,sell,0.66493,0.664,3.06,406.98,223.8777,tp,2023-05-19,2023-05-22,1,500
44bfddd2,AUDUSD,sell,0.66476,0.66383,3.12,414.8539,228.2091,tp,2023-05-22,2023-05-23,1,500
a0741385,AUDUSD,sell,0.66093,0.66001,3.17,419.074,230.5305,tp,2023-05-23,2023-05-24,1,500
87e90a9f,AUDUSD,sell,0.65447,0.65356,3.24,424.1419,233.3183,tp,2023-05-24,2023-05-25,1,500
b4d344d1,AUDUSD,sell,0.65163,0.65229,3.29,428.8186,-278.7428,sl,2023-05-26,2023-05-29,1,500
619f8b76,USDCAD,buy,1.36144,1.36007,1.58,430.1708,-279.6003,sl,2023-05-26,2023-05-29,1,500
2340bd9f,AUDUSD,sell,0.65373,0.65282,3.19,417.1244,229.458,tp,2023-05-29,2023-05-30,1,500
a504804f,USDCAD,buy,1.35901,1.36091,1.54,418.532,230.1528,tp,2023-05-29,2023-05-30,1,500
514419e3,EURUSD,sell,1.07314,1.07164,1.99,427.1535,234.975,tp,2023-05-30,2023-05-31,1,500
1403bed7,AUDUSD,sell,0.65153,0.65062,3.28,427.4496,235.1379,tp,2023-05-30,2023-05-31,1,500
d9267ad5,USDCAD,buy,1.36011,1.36201,1.57,427.0306,234.8263,tp,2023-05-30,2023-05-31,1,500
55f2eafa,USDJPY,buy,139.31293,139.50793,0.02,557.196,306.4049,tp,2023-05-31,2023-06-01,1,500
2b815703,AUDUSD,sell,0.65004,0.64913,3.39,440.7746,242.4679,tp,2023-05-31,2023-06-01,1,500
cdf29ffc,USDCAD,buy,1.35714,1.35578,1.62,439.668,-285.7732,sl,2023-05-31,2023-06-01,1,500
57bb6979,USDJPY,buy,138.82888,139.0232,0.02,555.26,305.3403,tp,2023-06-01,2023-06-02,1,500
b68a37e1,EURUSD,sell,1.07586,1.07436,2.07,445.4516,245.0407,tp,2023-06-01,2023-06-02,1,500
ca150d3d,AUDUSD,sell,0.65692,0.65758,3.4,446.7532,-290.4007,sl,2023-06-01,2023-06-02,1,500
bdd214bc,USDCAD,buy,1.3448,1.34346,1.66,446.4304,-290.1686,sl,2023-06-01,2023-06-02,1,500
2e08226a,USDJPY,buy,139.96099,140.1569,0.02,559.788,307.8302,tp,2023-06-02,2023-06-05,1,500
aa3ea110,EURUSD,sell,1.07049,1.06899,2.08,445.3696,244.9956,tp,2023-06-02,2023-06-05,1,500
05abea9b,USDCAD,sell,1.34197,1.34331,1.66,445.5772,-289.6363,sl,2023-06-02,2023-06-05,1,500
f73aefce,AUDUSD,sell,0.66035,0.65943,3.37,445.1231,244.86,tp,2023-06-02,2023-06-05,1,500
caa8dca6,GBPUSD,buy,1.24482,1.24358,1.79,445.6026,-289.6305,sl,2023-06-02,2023-06-05,1,500
56e995a7,USDCAD,sell,1.34377,1.34188,1.67,448.8626,246.9171,tp,2023-06-05,2023-06-06,1,500
d5dcd69a,EURUSD,sell,1.07091,1.06941,2.1,449.8284,247.4484,tp,2023-06-05,2023-06-06,1,500
a688f4fd,USDCAD,sell,1.33976,1.33788,1.72,460.9222,253.551,tp,2023-06-06,2023-06-07,1,500
9912e7e8,EURUSD,sell,1.06923,1.06774,2.15,459.8162,252.9426,tp,2023-06-06,2023-06-07,1,500
71aabd90,USDCAD,sell,1.33703,1.33515,1.76,470.6803,258.9189,tp,2023-06-07,2023-06-08,1,500
380359e7,EURUSD,sell,1.06971,1.07078,2.2,470.7208,-305.9803,sl,2023-06-07,2023-06-08,1,500
c11c5418,GBPUSD,buy,1.24392,1.24567,1.89,470.1564,258.5414,tp,2023-06-07,2023-06-08,1,500
b76f2e18,USDCAD,sell,1.33555,1.33368,1.78,475.5021,261.5713,tp,2023-06-08,2023-06-09,1,500
b0ad9039,GBPUSD,buy,1.25599,1.25774,1.89,474.7151,261.0482,tp,2023-06-08,2023-06-09,1,500
6b24f562,USDCAD,sell,1.33397,1.3321,1.82,485.6124,267.133,tp,2023-06-09,2023-06-12,1,500
beadc721,GBPUSD,buy,1.25767,1.25943,1.93,485.4104,266.9296,tp,2023-06-09,2023-06-12,1,500
c2c1da5b,USDCAD,sell,1.33652,1.33464,1.85,494.5605,272.0553,tp,2023-06-12,2023-06-13,1,500
20616edf,GBPUSD,buy,1.25112,1.25287,1.98,495.392,272.4186,tp,2023-06-12,2023-06-13,1,500
47599973,GBPUSD,buy,1.26115,1.26291,2.01,506.93,278.7634,tp,2023-06-13,2023-06-14,1,500
29c29283,GBPUSD,buy,1.26627,1.26804,2.02,511.5206,281.2877,tp,2023-06-14,2023-06-15,1,500
38d7d21a,USDCAD,sell,1.33177,1.3299,1.92,511.4496,281.3459,tp,2023-06-14,2023-06-15,1,500
3ba0d700,USDJPY,buy,141.38914,141.58704,0.02,565.5,310.9713,tp,2023-06-20,2023-06-21,1,500
872a8cd3,AUDUSD,buy,0.67846,0.67941,3.86,523.7171,287.9946,tp,2023-06-20,2023-06-21,1,500
46e1cf2e,AUDUSD,buy,0.6794,0.68035,3.94,535.312,294.3708,tp,2023-06-21,2023-06-22,1,500
9d18dd4a,EURUSD,buy,1.09565,1.09455,2.47,541.1968,-351.7644,sl,2023-06-22,2023-06-23,1,500
ce98d336,GBPUSD,buy,1.27446,1.27318,2.12,540.3159,-351.1918,sl,2023-06-22,2023-06-23,1,500
2b759053,AUDUSD,buy,0.6756,0.67654,4.0,540.424,297.1819,tp,2023-06-22,2023-06-23,1,500
1d5961b4,EURUSD,buy,1.08921,1.09073,2.45,533.659,293.4618,tp,2023-06-23,2023-06-26,1,500
f55928a5,GBPUSD,buy,1.27138,1.27316,2.1,533.925,293.608,tp,2023-06-23,2023-06-26,1,500
71961456,EURUSD,buy,1.09068,1.09221,2.5,545.285,299.8549,tp,2023-06-26,2023-06-27,1,500
e762fbe1,GBPUSD,buy,1.27117,1.27295,2.14,544.0051,299.1511,tp,2023-06-26,2023-06-27,1,500
7783a615,EURUSD,buy,1.09609,1.09499,2.54,556.7578,-361.8787,sl,2023-06-27,2023-06-28,1,500
61f14e69,USDCAD,sell,1.31907,1.32039,2.11,556.7024,-361.8705,sl,2023-06-27,2023-06-28,1,500
5533e2f7,GBPUSD,buy,1.27483,1.27355,2.18,555.7692,-361.2361,sl,2023-06-27,2023-06-28,1,500
add1030a,EURUSD,buy,1.09136,1.09289,2.45,534.7125,294.0411,tp,2023-06-28,2023-06-29,1,500
0e8797a6,USDCAD,sell,1.32487,1.32619,2.02,535.3,-347.9584,sl,2023-06-28,2023-06-29,1,500
ef040eec,AUDUSD,sell,0.66543,0.6645,4.01,533.731,293.6028,tp,2023-07-05,2023-07-06,1,500
8cd5f43f,AUDUSD,sell,0.66232,0.66299,4.07,539.1855,-350.484,sl,2023-07-06,2023-07-07,1,500
6fc5c998,EURUSD,buy,1.09651,1.09804,2.43,532.8504,293.0171,tp,2023-07-07,2023-07-10,1,500
a40eb676,EURUSD,buy,1.10006,1.1016,2.45,538.9755,296.3853,tp,2023-07-10,2023-07-11,1,500
a504ec5d,EURUSD,buy,1.10062,1.10216,2.47,543.6519,298.9569,tp,2023-07-11,2023-07-12,1,500
003be0f8,AUDUSD,buy,0.67866,0.67961,4.06,551.0151,303.0059,tp,2023-07-12,2023-07-13,1,500
ded5effa,AUDUSD,buy,0.68378,0.68309,4.07,556.5399,-361.737,sl,2023-07-14,2023-07-17,1,500
05fb6d96,AUDUSD,buy,0.68141,0.68236,4.03,549.16,301.9859,tp,2023-07-17,2023-07-18,1,500
8b04eb79,AUDUSD,buy,0.6811,0.68042,4.08,555.7205,-361.2044,sl,2023-07-18,2023-07-19,1,500
22e0c50d,GBPUSD,buy,1.29373,1.29554,2.12,548.4864,301.6154,tp,2023-07-19,2023-07-20,1,500
e5a21087,AUDUSD,buy,0.67721,0.67816,4.05,548.4834,301.6138,tp,2023-07-19,2023-07-20,1,500
44700e62,USDCAD,sell,1.31606,1.31422,2.08,547.535,301.1963,tp,2023-07-19,2023-07-20,1,500
55f99757,EURUSD,buy,1.1135,1.11239,2.54,565.6021,-367.6272,sl,2023-07-20,2023-07-21,1,500
2de8f624,AUDUSD,buy,0.67802,0.67734,4.18,566.7662,-368.3839,sl,2023-07-20,2023-07-21,1,500
585cd931,GBPUSD,buy,1.28671,1.28851,2.2,566.0952,311.2986,tp,2023-07-20,2023-07-21,1,500
d3f9d6f4,EURUSD,buy,1.11256,1.11412,2.51,558.4499,307.0944,tp,2023-07-21,2023-07-24,1,500
79a84ab1,AUDUSD,buy,0.6729,0.67384,4.14,557.1032,306.3539,tp,2023-07-21,2023-07-24,1,500
3a69bd7a,AUDUSD,buy,0.67907,0.67839,4.2,570.36,-370.7197,sl,2023-07-25,2023-07-26,1,500
241c4af8,USDJPY,buy,139.42994,139.6251,0.02,557.664,306.6622,tp,2023-07-27,2023-07-28,1,500
30fb22f3,USDJPY,buy,142.26423,142.46335,0.02,569.0,312.8959,tp,2023-07-31,2023-08-01,1,500
a08fd326,USDJPY,buy,142.77428,142.97412,0.02,571.04,314.0178,tp,2023-08-01,2023-08-02,1,500
a766e72c,USDJPY,buy,143.30233,143.50291,0.02,573.152,315.1792,tp,2023-08-02,2023-08-03,1,500
ec0e8a62,AUDUSD,sell,0.6535,0.65259,4.45,581.6773,319.9778,tp,2023-08-02,2023-08-03,1,500
709104d6,USDJPY,buy,142.52525,142.72474,0.02,570.044,313.47,tp,2023-08-03,2023-08-04,1,500
cff65280,AUDUSD,sell,0.65479,0.65545,4.53,593.3032,-385.6619,sl,2023-08-03,2023-08-04,1,500
f9523cf9,AUDUSD,sell,0.65656,0.65564,4.51,592.2803,325.8104,tp,2023-08-04,2023-08-07,1,500
b35b6c9b,USDJPY,buy,142.49925,142.6987,0.02,569.94,313.4129,tp,2023-08-07,2023-08-08,1,500
533cf11f,AUDUSD,sell,0.65713,0.65621,4.56,599.3664,329.7085,tp,2023-08-07,2023-08-08,1,500
fea687cd,USDJPY,buy,143.35433,143.55499,0.02,573.36,315.2935,tp,2023-08-08,2023-08-09,1,500
32069dcc,AUDUSD,sell,0.65397,0.65306,4.68,612.1814,336.7579,tp,2023-08-08,2023-08-09,1,500
8606231a,USDJPY,buy,143.68737,143.88849,0.02,574.692,316.026,tp,2023-08-09,2023-08-10,1,500
8a4879c0,AUDUSD,sell,0.6529,0.65199,4.78,624.2393,343.3909,tp,2023-08-09,2023-08-10,1,500
60574f5c,USDJPY,buy,144.69447,144.897,0.02,578.72,318.241,tp,2023-08-10,2023-08-11,1,500
7b5e57db,AUDUSD,sell,0.65149,0.65058,4.9,638.5288,351.2515,tp,2023-08-10,2023-08-11,1,500
4e953796,EURUSD,buy,1.09812,1.09966,2.91,639.0418,351.4123,tp,2023-08-10,2023-08-11,1,500
a31126d4,USDJPY,buy,145.39454,145.59805,0.02,581.52,319.7808,tp,2023-08-18,2023-08-21,1,500
97ebebcf,EURUSD,sell,1.087,1.08809,3.03,658.7887,-428.2291,sl,2023-08-18,2023-08-21,1,500
2f8a4cb3,EURUSD,sell,1.08932,1.0878,3.01,655.8369,360.7726,tp,2023-08-21,2023-08-22,1,500
ed2c7f63,USDJPY,buy,145.87259,145.72674,0.02,583.432,-379.2162,sl,2023-08-22,2023-08-23,1,500
6ea038f7,EURUSD,sell,1.08434,1.08282,3.06,663.6834,365.0889,tp,2023-08-22,2023-08-23,1,500
b815272d,USDJPY,buy,144.80148,145.00416,0.02,579.148,318.4764,tp,2023-08-23,2023-08-24,1,500
1eeb49b8,EURUSD,sell,1.08608,1.08456,3.05,662.5759,364.4797,tp,2023-08-23,2023-08-24,1,500
7b6556b7,AUDUSD,sell,0.6477,0.64679,5.12,663.3062,364.8814,tp,2023-08-23,2023-08-24,1,500
16169623,USDJPY,buy,145.84058,146.04472,0.02,583.304,320.7618,tp,2023-08-24,2023-08-25,1,500
58cab86b,AUDUSD,sell,0.64165,0.64075,5.33,684.0629,376.2996,tp,2023-08-24,2023-08-25,1,500
3bd955bd,USDJPY,buy,146.41864,146.62358,0.02,585.616,322.0332,tp,2023-08-25,2023-08-28,1,500
227ed140,USDJPY,buy,146.54265,146.74777,0.02,586.112,322.3059,tp,2023-08-28,2023-08-29,1,500
817b8677,GBPUSD,sell,1.25983,1.25807,2.8,705.5776,388.1347,tp,2023-08-28,2023-08-29,1,500
7b859743,EURUSD,sell,1.08176,1.08025,3.26,705.3792,388.0256,tp,2023-08-28,2023-08-29,1,500
bf22efc7,USDJPY,buy,145.92159,146.12584,0.02,583.628,320.94,tp,2023-08-29,2023-08-30,1,500
beaf1987,GBPUSD,sell,1.26417,1.2624,2.87,725.7082,399.2085,tp,2023-08-29,2023-08-30,1,500
b0d890b0,EURUSD,sell,1.08774,1.08622,3.34,726.6838,399.7451,tp,2023-08-29,2023-08-30,1,500
c0d6a816,USDCAD,buy,1.35537,1.35726,2.68,726.4033,399.4528,tp,2023-08-29,2023-08-30,1,500
09311312,USDJPY,sell,146.14738,145.94273,0.03,876.972,482.4179,tp,2023-08-30,2023-08-31,1,500
561a2416,GBPUSD,sell,1.27167,1.26989,2.98,757.9928,416.968,tp,2023-08-30,2023-08-31,1,500
cc14331f,GBPUSD,sell,1.26702,1.26525,3.06,775.4958,426.5964,tp,2023-08-31,2023-09-01,1,500
e885852e,GBPUSD,sell,1.25843,1.25969,3.11,782.8243,-508.8554,sl,2023-09-01,2023-09-04,1,500
b1ad4525,EURUSD,sell,1.07722,1.0783,3.64,784.2962,-509.8122,sl,2023-09-01,2023-09-04,1,500
bc064236,EURUSD,sell,1.07927,1.07776,3.53,762.0423,419.1956,tp,2023-09-04,2023-09-05,1,500
5a5d676f,GBPUSD,sell,1.26251,1.26075,3.02,762.6346,419.5215,tp,2023-09-04,2023-09-05,1,500
6286d19e,GBPUSD,sell,1.25636,1.25461,3.1,779.0238,428.5371,tp,2023-09-05,2023-09-06,1,500
5849cc3a,GBPUSD,sell,1.24985,1.24809,3.15,787.4811,433.1894,tp,2023-09-06,2023-09-07,1,500
43ecb172,USDJPY,buy,147.28773,147.49389,0.03,883.638,485.917,tp,2023-09-07,2023-09-08,1,500
e6afd8b8,USDCAD,buy,1.36364,1.36227,2.96,807.192,-524.6546,sl,2023-09-08,2023-09-11,1,500
c3be04eb,GBPUSD,sell,1.25085,1.2491,3.18,795.6233,437.6684,tp,2023-09-11,2023-09-12,1,500
39f098a2,EURUSD,sell,1.07473,1.07323,3.7,795.3816,437.5354,tp,2023-09-11,2023-09-12,1,500
adc56229,GBPUSD,sell,1.24868,1.24693,3.26,814.2176,447.897,tp,2023-09-12,2023-09-13,1,500
54dcc529,EURUSD,sell,1.07579,1.07429,3.78,813.3804,447.4365,tp,2023-09-12,2023-09-13,1,500
c94b5cfe,GBPUSD,sell,1.24883,1.24708,3.33,831.8007,457.5694,tp,2023-09-13,2023-09-14,1,500
7931a635,USDCAD,buy,1.35472,1.35336,3.07,831.7121,-540.5921,sl,2023-09-13,2023-09-14,1,500
2692c0c4,EURUSD,sell,1.07281,1.07131,3.88,832.5859,458.0014,tp,2023-09-13,2023-09-14,1,500
2da8dd6a,EURUSD,sell,1.06907,1.06758,3.92,838.2371,461.11,tp,2023-09-18,2023-09-19,1,500
0e8481d7,EURUSD,sell,1.06784,1.06635,3.97,847.9523,466.4543,tp,2023-09-19,2023-09-20,1,500
7fdc810a,EURUSD,sell,1.06622,1.06473,4.02,857.3293,471.6126,tp,2023-09-20,2023-09-21,1,500
4b2e7fe4,EURUSD,sell,1.06573,1.06424,4.07,867.5938,477.259,tp,2023-09-21,2023-09-22,1,500
63f6a654,EURUSD,sell,1.05698,1.0555,4.15,877.3847,482.6449,tp,2023-09-29,2023-10-02,1,500
57d55542,USDJPY,buy,149.0589,149.26754,0.03,894.264,491.7602,tp,2023-10-03,2023-10-04,1,500
98173529,AUDUSD,sell,0.63013,0.62924,7.03,886.0471,487.4101,tp,2023-10-03,2023-10-04,1,500
c24d89d6,AUDUSD,sell,0.63214,0.63277,7.17,906.5748,-589.2963,sl,2023-10-04,2023-10-05,1,500
6b3c6083,AUDUSD,sell,0.63675,0.63585,7.02,894.0812,491.8296,tp,2023-10-05,2023-10-06,1,500
8a7adbed,EURUSD,sell,1.05472,1.05325,4.24,894.4958,492.0577,tp,2023-10-05,2023-10-06,1,500
7557864d,GBPUSD,sell,1.21888,1.21717,3.67,894.746,492.1953,tp,2023-10-05,2023-10-06,1,500
90415243,USDCAD,buy,1.36624,1.36487,3.38,923.4836,-600.2413,sl,2023-10-06,2023-10-09,1,500
d8778357,AUDUSD,sell,0.63813,0.63723,7.24,924.0991,508.3423,tp,2023-10-06,2023-10-09,1,500
3a836a80,USDCAD,buy,1.35904,1.36094,3.39,921.3342,506.6463,tp,2023-10-09,2023-10-10,1,500
f1a8a065,USDCAD,buy,1.35846,1.36036,3.43,931.8075,512.4056,tp,2023-10-10,2023-10-11,1,500
f56ec9f5,USDJPY,sell,149.05509,149.20417,0.03,894.42,-581.3954,sl,2023-10-11,2023-10-12,1,500
dd1dace4,USDCAD,buy,1.35928,1.36118,3.47,943.2432,518.6941,tp,2023-10-11,2023-10-12,1,500
77c4ed9f,USDCAD,buy,1.36884,1.36747,3.44,941.6656,-612.0591,sl,2023-10-12,2023-10-13,1,500
1b3a975c,AUDUSD,sell,0.62941,0.63004,7.38,929.0977,-603.9367,sl,2023-10-13,2023-10-16,1,500
1a47123d,USDCAD,buy,1.36564,1.36427,3.4,928.54,-603.5278,sl,2023-10-13,2023-10-16,1,500
c623dac4,USDJPY,sell,149.51105,149.30169,0.03,897.156,493.521,tp,2023-10-16,2023-10-17,1,500
8152c338,AUDUSD,sell,0.63372,0.63435,7.14,905.0378,-588.2972,sl,2023-10-16,2023-10-17,1,500
ea31dc74,GBPUSD,buy,1.21412,1.21582,3.72,903.216,496.683,tp,2023-10-18,2023-10-19,1,500
b09905f3,USDCAD,buy,1.37159,1.37022,3.33,913.3857,-593.6779,sl,2023-10-19,2023-10-20,1,500
392051f0,AUDUSD,sell,0.63254,0.63165,7.21,912.2092,501.8017,tp,2023-10-19,2023-10-20,1,500
8e5b4c02,USDCAD,buy,1.37102,1.37294,3.32,910.2643,500.5589,tp,2023-10-20,2023-10-23,1,500
9d0a1808,AUDUSD,sell,0.6309,0.63001,7.22,911.1062,501.195,tp,2023-10-20,2023-10-23,1,500
5408a12a,USDCAD,buy,1.36902,1.37093,3.4,930.8384,511.8727,tp,2023-10-23,2023-10-24,1,500
f2a47a8f,AUDUSD,sell,0.63359,0.63422,7.34,930.1982,-604.6521,sl,2023-10-23,2023-10-24,1,500
35164b71,EURUSD,sell,1.05889,1.05741,4.39,929.802,511.4794,tp,2023-10-24,2023-10-25,1,500
929d0b5e,USDCAD,buy,1.3741,1.37602,3.38,928.797,510.7501,tp,2023-10-24,2023-10-25,1,500
d64ffe7a,AUDUSD,sell,0.63068,0.62979,7.53,949.8944,522.5322,tp,2023-10-25,2023-10-26,1,500
f9fca227,AUDUSD,buy,0.63213,0.63302,7.59,959.4823,527.6241,tp,2023-10-26,2023-10-27,1,500
f5518e08,USDCAD,buy,1.38244,1.38437,3.51,970.3746,533.6138,tp,2023-10-30,2023-10-31,1,500
70e6c187,USDJPY,buy,150.91809,150.7672,0.03,905.418,-588.4991,sl,2023-11-01,2023-11-02,1,500
1c7834d8,USDCAD,buy,1.38529,1.3839,3.54,980.6862,-637.4215,sl,2023-11-01,2023-11-02,1,500
d6179aeb,USDJPY,buy,150.44504,150.29463,0.03,902.58,-586.6544,sl,2023-11-02,2023-11-03,1,500
893273f5,USDCAD,buy,1.37409,1.37271,3.48,956.2692,-621.5511,sl,2023-11-02,2023-11-03,1,500
0c95d0a4,USDCAD,sell,1.3791,1.37717,3.38,932.3662,512.89,tp,2023-11-08,2023-11-09,1,500
98926560,USDJPY,buy,151.35613,151.56799,0.03,908.046,499.339,tp,2023-11-09,2023-11-10,1,500
5476d8be,USDCAD,sell,1.38016,1.38154,3.41,941.3646,-611.9105,sl,2023-11-09,2023-11-10,1,500
5da08687,USDJPY,buy,151.48715,151.69918,0.03,908.832,499.7713,tp,2023-11-10,2023-11-13,1,500
5445406a,USDJPY,buy,151.73417,151.58247,0.03,910.314,-591.6813,sl,2023-11-13,2023-11-14,1,500
4cb31ef0,USDJPY,buy,151.35013,151.19881,0.03,908.01,-590.1838,sl,2023-11-15,2023-11-16,1,500
8d358e52,USDJPY,buy,149.57696,149.78632,0.03,897.372,493.4693,tp,2023-11-17,2023-11-20,1,500
f5976f41,USDCAD,buy,1.37194,1.37386,3.38,927.3368,509.9471,tp,2023-11-17,2023-11-20,1,500
1303091b,AUDUSD,buy,0.65136,0.65227,7.11,926.1344,509.2859,tp,2023-11-17,2023-11-20,1,500
d3ca440f,AUDUSD,buy,0.65567,0.65658,7.3,957.176,526.3559,tp,2023-11-20,2023-11-21,1,500
ade91f00,USDCAD,buy,1.37251,1.37113,3.49,957.9143,-622.6203,sl,2023-11-20,2023-11-21,1,500
6c1711b7,AUDUSD,buy,0.6555,0.65641,7.29,955.6169,525.4985,tp,2023-11-21,2023-11-22,1,500
2540b9ff,GBPUSD,buy,1.24942,1.25117,3.86,964.4596,530.3612,tp,2023-11-22,2023-11-23,1,500
01607a1e,EURUSD,buy,1.08894,1.09046,4.43,964.7034,530.4952,tp,2023-11-22,2023-11-23,1,500
6fd4c0a8,AUDUSD,buy,0.6542,0.65511,7.38,965.4959,530.931,tp,2023-11-22,2023-11-23,1,500
39e83cad,GBPUSD,buy,1.2535,1.25525,3.98,997.6825,548.6306,tp,2023-11-23,2023-11-24,1,500
213cd303,AUDUSD,buy,0.65565,0.65656,7.61,997.7928,548.6912,tp,2023-11-23,2023-11-24,1,500
8cbfefed,AUDUSD,buy,0.65817,0.65909,7.74,1018.7388,560.2096,tp,2023-11-24,2023-11-27,1,500
360ea65d,GBPUSD,buy,1.2623,1.26406,4.08,1029.9307,566.3641,tp,2023-11-30,2023-12-01,1,500
e8f3dac4,AUDUSD,buy,0.6604,0.66132,7.8,1030.1148,566.4653,tp,2023-11-30,2023-12-01,1,500
51611100,EURUSD,buy,1.08872,1.09024,4.73,1029.8251,566.3059,tp,2023-11-30,2023-12-01,1,500
46b0b2cd,USDCAD,sell,1.35345,1.35481,3.93,1063.9217,-691.5757,sl,2023-12-04,2023-12-05,1,500
84b9b5d1,GBPUSD,buy,1.26339,1.26212,4.21,1063.6649,-691.3556,sl,2023-12-04,2023-12-05,1,500
701c187e,AUDUSD,buy,0.66206,0.66139,8.04,1064.4799,-691.8853,sl,2023-12-04,2023-12-05,1,500
92275630,USDJPY,sell,147.13029,146.92426,0.03,882.87,485.6624,tp,2023-12-05,2023-12-06,1,500
50258cc4,USDCAD,sell,1.35901,1.35711,3.76,1022.0808,562.2415,tp,2023-12-05,2023-12-06,1,500
05fb16f8,GBPUSD,buy,1.25936,1.26112,4.06,1022.4948,562.275,tp,2023-12-05,2023-12-06,1,500
daf64655,USDJPY,sell,147.29327,147.08701,0.04,1178.464,648.2672,tp,2023-12-06,2023-12-07,1,500
06bf7aac,USDCAD,sell,1.35912,1.36048,3.88,1054.7858,-685.6371,sl,2023-12-06,2023-12-07,1,500
480fe240,USDCAD,sell,1.35965,1.35775,3.88,1055.197,580.4586,tp,2023-12-07,2023-12-08,1,500
f9cfd369,USDCAD,sell,1.35766,1.35576,3.93,1067.2308,587.0783,tp,2023-12-08,2023-12-11,1,500
d8aaaf40,USDJPY,sell,146.12839,145.92376,0.04,1169.144,643.1403,tp,2023-12-11,2023-12-12,1,500
b713f5fe,USDCAD,sell,1.35711,1.35521,3.97,1077.6565,592.8135,tp,2023-12-11,2023-12-12,1,500
a3e303a7,USDJPY,sell,145.43446,145.2308,0.04,1163.592,640.0861,tp,2023-12-12,2023-12-13,1,500
d99f56db,USDCAD,sell,1.35126,1.34937,4.13,1116.2564,614.0471,tp,2023-12-13,2023-12-14,1,500
57d99278,AUDUSD,buy,0.66978,0.67071,8.42,1127.7916,620.1783,tp,2023-12-14,2023-12-15,1,500
9d69991f,GBPUSD,sell,1.26712,1.26535,4.5,1140.525,627.3971,tp,2023-12-15,2023-12-18,1,500
1ec29f88,EURUSD,buy,1.09246,1.09399,5.28,1153.5216,634.3273,tp,2023-12-18,2023-12-19,1,500
f54e5677,USDJPY,sell,143.80562,143.60425,0.04,1150.56,632.9173,tp,2023-12-19,2023-12-20,1,500
af47cd0f,EURUSD,buy,1.09816,1.09706,5.31,1166.1291,-757.9548,sl,2023-12-19,2023-12-20,1,500
626b1ae0,USDJPY,sell,143.52865,143.32766,0.04,1148.344,631.6983,tp,2023-12-20,2023-12-21,1,500
49847a60,AUDUSD,buy,0.67309,0.67403,8.64,1162.9786,639.5277,tp,2023-12-20,2023-12-21,1,500
71b444dc,EURUSD,buy,1.09424,1.09577,5.31,1161.9661,638.9709,tp,2023-12-20,2023-12-21,1,500
bc6092cf,EURUSD,buy,1.1012,1.10274,5.45,1200.1881,659.9894,tp,2023-12-21,2023-12-22,1,500
87cf736d,USDJPY,sell,142.38676,142.18738,0.04,1139.208,626.6726,tp,2023-12-22,2023-12-25,1,500
154751e7,EURUSD,buy,1.10121,1.10011,5.51,1213.4122,-788.6876,sl,2023-12-22,2023-12-25,1,500
adf4f9f9,USDJPY,sell,142.21478,142.35702,0.04,1137.832,-739.6192,sl,2023-12-25,2023-12-26,1,500
40e27cde,EURUSD,buy,1.10091,1.10245,5.5,1210.88,665.869,tp,2023-12-25,2023-12-26,1,500
185c0a23,USDJPY,sell,142.37276,142.1734,0.04,1139.096,626.611,tp,2023-12-26,2023-12-27,1,500
67a6cba6,EURUSD,buy,1.10428,1.10583,5.48,1210.1703,665.4787,tp,2023-12-26,2023-12-27,1,500
487d94de,GBPUSD,buy,1.27992,1.28171,4.83,1236.2771,679.835,tp,2023-12-27,2023-12-28,1,500
f9dfc1ab,EURUSD,buy,1.10604,1.10759,5.65,1249.7009,687.2168,tp,2023-12-28,2023-12-29,1,500
96e9d1c5,GBPUSD,sell,1.27301,1.27123,4.91,1250.2235,687.7417,tp,2023-12-28,2023-12-29,1,500
3cdae7d9,EURUSD,buy,1.10385,1.10275,5.78,1275.9234,-829.3183,sl,2023-12-29,2024-01-02,2,500
f9bf9d2e,GBPUSD,sell,1.27407,1.27229,4.94,1258.9096,692.5199,tp,2024-01-10,2024-01-11,1,500
5ab73a28,GBPUSD,buy,1.26378,1.26555,5.04,1273.7592,700.4466,tp,2024-01-16,2024-01-17,1,500
4e740676,GBPUSD,buy,1.26761,1.26938,5.08,1287.7597,708.1455,tp,2024-01-17,2024-01-18,1,500
04845320,USDJPY,buy,147.50875,147.71522,0.04,1179.952,648.8615,tp,2024-01-24,2024-01-25,1,500
3ff95592,USDJPY,buy,147.67277,147.87946,0.04,1181.264,649.583,tp,2024-01-25,2024-01-26,1,500
ce27baf5,USDJPY,buy,148.16381,148.01568,0.04,1185.192,-770.3452,sl,2024-01-26,2024-01-29,1,500
a8eb492b,USDJPY,buy,147.51175,147.71822,0.04,1179.976,648.8747,tp,2024-01-29,2024-01-30,1,500
2ed45466,USDJPY,buy,147.61376,147.82037,0.04,1180.792,649.3234,tp,2024-01-30,2024-01-31,1,500
2a88ca95,GBPUSD,buy,1.26876,1.27053,5.28,1339.6733,736.693,tp,2024-01-31,2024-02-01,1,500
e584820c,AUDUSD,sell,0.65701,0.65609,10.0,1314.16,722.9128,tp,2024-02-01,2024-02-02,1,500
3e6fda63,USDCAD,sell,1.33834,1.33646,5.05,1351.8547,743.6485,tp,2024-02-01,2024-02-02,1,500
34df7baf,EURUSD,sell,1.07838,1.07687,6.41,1382.6242,760.5746,tp,2024-02-02,2024-02-05,1,500
25a803c8,USDJPY,buy,148.68187,148.53321,0.05,1486.67,-966.2983,sl,2024-02-05,2024-02-06,1,500
30a2ebad,EURUSD,sell,1.07534,1.07642,6.41,1378.7269,-896.207,sl,2024-02-06,2024-02-07,1,500
23c177fc,AUDUSD,sell,0.65224,0.6529,10.0,1304.62,-848.0356,sl,2024-02-06,2024-02-07,1,500
bad64e93,EURUSD,sell,1.07706,1.07555,6.24,1344.3082,739.4972,tp,2024-02-07,2024-02-08,1,500
4b5ce65b,AUDUSD,sell,0.65186,0.65095,10.0,1303.86,717.2469,tp,2024-02-07,2024-02-08,1,500
fc178b4e,USDJPY,buy,149.32993,149.53895,0.05,1493.15,821.0907,tp,2024-02-08,2024-02-09,1,500
0eba1cc6,EURUSD,sell,1.07764,1.07872,6.37,1373.0535,-892.5191,sl,2024-02-08,2024-02-09,1,500
ac116047,USDJPY,buy,149.27093,149.12168,0.05,1492.56,-970.1267,sl,2024-02-09,2024-02-12,1,500
00c90005,EURUSD,sell,1.0781,1.07659,6.36,1371.4831,754.446,tp,2024-02-09,2024-02-12,1,500
615c592a,AUDUSD,sell,0.65206,0.65272,10.0,1304.26,-847.8016,sl,2024-02-09,2024-02-12,1,500
6cdeb34a,USDJPY,buy,149.35493,149.56399,0.05,1493.4,821.2281,tp,2024-02-12,2024-02-13,1,500
9818e8ea,EURUSD,sell,1.07702,1.07551,6.27,1350.721,743.0249,tp,2024-02-12,2024-02-13,1,500
2e3bb1ea,AUDUSD,sell,0.653,0.65209,10.0,1306.14,718.5011,tp,2024-02-12,2024-02-13,1,500
66c69237,EURUSD,sell,1.07253,1.07361,6.51,1396.5773,-907.8101,sl,2024-02-14,2024-02-15,1,500
d0e2128f,USDCAD,buy,1.35429,1.35293,5.15,1394.7745,-906.5686,sl,2024-02-14,2024-02-15,1,500
60b95650,AUDUSD,sell,0.64872,0.64781,10.0,1297.56,713.7813,tp,2024-02-14,2024-02-15,1,500
c14cb022,USDJPY,buy,149.92099,150.13084,0.05,1499.06,824.3406,tp,2024-02-15,2024-02-16,1,500
7ac74901,EURUSD,sell,1.07709,1.07558,6.38,1374.5072,756.1095,tp,2024-02-15,2024-02-16,1,500
0299882a,USDCAD,buy,1.34651,1.3484,5.1,1373.3076,755.1887,tp,2024-02-15,2024-02-16,1,500
127b7498,AUDUSD,sell,0.65239,0.65148,10.0,1304.92,717.83,tp,2024-02-15,2024-02-16,1,500
09195150,USDJPY,buy,150.19602,150.04585,0.05,1501.81,-976.139,sl,2024-02-16,2024-02-19,1,500
6be38dbd,USDCAD,buy,1.34833,1.34699,5.32,1434.4848,-932.3793,sl,2024-02-16,2024-02-19,1,500
4661b12d,EURUSD,sell,1.07738,1.07846,6.66,1435.2167,-932.9267,sl,2024-02-16,2024-02-19,1,500
c47139c8,USDJPY,buy,150.12701,150.33714,0.05,1501.12,825.4734,tp,2024-02-19,2024-02-20,1,500
9a1646cc,GBPUSD,buy,1.25948,1.26124,5.47,1377.7289,757.62,tp,2024-02-19,2024-02-20,1,500
19b72f73,USDJPY,buy,150.018,150.22798,0.05,1500.03,824.874,tp,2024-02-20,2024-02-21,1,500
49e97f26,USDCAD,buy,1.35194,1.35058,5.21,1408.5756,-915.5389,sl,2024-02-20,2024-02-21,1,500
8f1b4f0b,USDJPY,buy,150.28903,150.49939,0.05,1502.74,826.3642,tp,2024-02-21,2024-02-22,1,500
2ea824b3,USDCAD,buy,1.35065,1.34929,5.21,1407.2314,-914.6652,sl,2024-02-21,2024-02-22,1,500
28b20902,GBPUSD,buy,1.26385,1.26562,5.57,1407.7841,774.1475,tp,2024-02-21,2024-02-22,1,500
704546c6,GBPUSD,buy,1.26607,1.26784,5.61,1420.3847,781.0766,tp,2024-02-22,2024-02-23,1,500
2eb96dc5,GBPUSD,buy,1.26696,1.26873,5.67,1436.5852,789.9854,tp,2024-02-23,2024-02-26,1,500
6301fc11,GBPUSD,buy,1.26861,1.26734,5.73,1453.6781,-944.8544,sl,2024-02-26,2024-02-27,1,500
05d3bd3e,USDJPY,sell,150.47195,150.62245,0.05,1504.87,-978.2031,sl,2024-02-27,2024-02-28,1,500
c28f29f7,GBPUSD,buy,1.26847,1.2672,5.65,1433.2242,-931.5599,sl,2024-02-27,2024-02-28,1,500
3cf70c8c,GBPUSD,buy,1.26628,1.26501,5.51,1395.2973,-906.9084,sl,2024-02-28,2024-02-29,1,500
77f1abaf,AUDUSD,buy,0.64959,0.6505,10.0,1299.06,714.3596,tp,2024-02-28,2024-02-29,1,500
29fb7f67,USDCAD,buy,1.3578,1.35644,5.14,1395.6745,-907.1535,sl,2024-02-28,2024-02-29,1,500
d72f065e,USDCAD,buy,1.35788,1.35978,5.06,1374.0329,755.5876,tp,2024-02-29,2024-03-01,1,500
18dd3bdb,GBPUSD,buy,1.26244,1.2642,5.44,1373.3933,755.2358,tp,2024-02-29,2024-03-01,1,500
7ce96d14,USDCAD,buy,1.35544,1.35733,5.18,1404.0908,772.1166,tp,2024-03-01,2024-03-04,1,500
ecdfe817,GBPUSD,buy,1.26543,1.2672,5.55,1404.483,772.3322,tp,2024-03-01,2024-03-04,1,500
8dbca3c2,GBPUSD,buy,1.26926,1.27103,5.65,1434.1169,788.6281,tp,2024-03-04,2024-03-05,1,500
d20565e4,USDCAD,buy,1.3574,1.3593,5.29,1435.9811,789.6532,tp,2024-03-04,2024-03-05,1,500
53eade57,GBPUSD,buy,1.2706,1.27238,5.77,1466.1224,806.228,tp,2024-03-05,2024-03-06,1,500
409ece56,USDCAD,buy,1.35927,1.35791,5.39,1465.1421,-952.3058,sl,2024-03-05,2024-03-06,1,500
3416d8a3,GBPUSD,buy,1.27322,1.275,5.75,1464.0535,805.0903,tp,2024-03-06,2024-03-07,1,500
9e5bf526,USDCAD,buy,1.35147,1.35011,5.41,1462.1391,-950.3538,sl,2024-03-06,2024-03-07,1,500
d858922f,GBPUSD,buy,1.2814,1.28012,5.7,1460.6478,-949.3846,sl,2024-03-11,2024-03-12,1,500
d2815e75,EURUSD,buy,1.09268,1.09421,6.68,1459.6735,802.6818,tp,2024-03-11,2024-03-12,1,500
d133ee97,GBPUSD,buy,1.27932,1.27804,5.7,1458.2766,-947.8433,sl,2024-03-12,2024-03-13,1,500
20dd5d70,EURUSD,buy,1.09266,1.09419,6.67,1457.4617,801.4655,tp,2024-03-12,2024-03-13,1,500
9c5691f4,GBPUSD,buy,1.2799,1.28169,5.68,1453.8187,799.4622,tp,2024-03-13,2024-03-14,1,500
97a7fe8d,GBPUSD,buy,1.27543,1.27415,5.77,1471.6962,-956.5657,sl,2024-03-14,2024-03-15,1,500
10503b84,EURUSD,buy,1.08858,1.08749,6.76,1471.6114,-956.5106,sl,2024-03-14,2024-03-15,1,500
b2c39269,GBPUSD,buy,1.27403,1.27275,5.62,1431.8636,-930.6755,sl,2024-03-15,2024-03-18,1,500
521c89eb,EURUSD,buy,1.0888,1.09032,6.58,1432.716,787.8577,tp,2024-03-15,2024-03-18,1,500
311d99e6,GBPUSD,buy,1.27296,1.27168,5.62,1430.6609,-929.8938,sl,2024-03-18,2024-03-19,1,500
76d9a94d,EURUSD,buy,1.08732,1.08623,6.57,1428.5939,-928.5503,sl,2024-03-18,2024-03-19,1,500
f2c7cf33,USDJPY,buy,150.82108,151.03218,0.05,1508.06,829.2897,tp,2024-03-19,2024-03-20,1,500
a817fed9,USDJPY,buy,151.21012,151.42177,0.05,1511.95,831.4289,tp,2024-03-20,2024-03-21,1,500
c97d1246,EURUSD,buy,1.09222,1.09375,6.45,1408.8219,774.7182,tp,2024-03-20,2024-03-21,1,500
4e9bfd41,USDCAD,buy,1.36074,1.35938,5.3,1442.236,-937.4173,sl,2024-03-22,2024-03-25,1,500
6d1e1fae,AUDUSD,sell,0.65133,0.65199,10.0,1302.8,-846.8526,sl,2024-03-22,2024-03-25,1,500
6fee0ffb,USDJPY,buy,151.42014,151.26875,0.05,1514.05,-984.0946,sl,2024-03-25,2024-03-26,1,500
631911a8,USDCAD,buy,1.35874,1.35738,5.17,1404.7924,-913.0799,sl,2024-03-25,2024-03-26,1,500
66552bbc,AUDUSD,sell,0.65381,0.65447,10.0,1307.76,-850.0767,sl,2024-03-25,2024-03-26,1,500
c28122df,USDCAD,buy,1.35838,1.36028,4.97,1350.0906,742.4215,tp,2024-03-26,2024-03-27,1,500
dc729449,AUDUSD,sell,0.65319,0.65228,10.0,1306.52,718.7101,tp,2024-03-26,2024-03-27,1,500
57cf69a6,USDJPY,buy,151.26412,151.47585,0.05,1512.49,831.7258,tp,2024-03-27,2024-03-28,1,500
3767183f,AUDUSD,sell,0.65309,0.65218,10.0,1306.32,718.6001,tp,2024-03-27,2024-03-28,1,500
26583af3,USDCAD,buy,1.35664,1.35853,5.09,1380.917,759.3732,tp,2024-03-27,2024-03-28,1,500
fa944a76,USDJPY,buy,151.38314,151.23178,0.05,1513.68,-983.8542,sl,2024-03-28,2024-03-29,1,500
961d8522,EURUSD,sell,1.07879,1.07728,6.61,1426.3058,784.6037,tp,2024-03-28,2024-03-29,1,500
188d134f,AUDUSD,sell,0.6514,0.65206,10.0,1302.94,-846.9436,sl,2024-03-28,2024-03-29,1,500
1eedc681,USDCAD,buy,1.35389,1.35578,5.27,1426.8525,784.6333,tp,2024-03-28,2024-03-29,1,500
fa630c9a,USDJPY,buy,151.31813,151.52993,0.05,1513.03,832.0228,tp,2024-03-29,2024-04-01,1,500
69a8dd6a,EURUSD,sell,1.07889,1.07738,6.58,1419.964,781.1151,tp,2024-03-29,2024-04-01,1,500
0998ba77,AUDUSD,sell,0.65203,0.65112,10.0,1304.2,717.4339,tp,2024-03-29,2024-04-01,1,500
3a48ef48,USDJPY,buy,151.63316,151.48156,0.05,1516.18,-985.4791,sl,2024-04-01,2024-04-02,1,500
f686bb62,GBPUSD,sell,1.25506,1.25632,5.84,1466.0619,-952.9769,sl,2024-04-01,2024-04-02,1,500
b3856923,EURUSD,sell,1.07417,1.07267,6.83,1467.4665,807.246,tp,2024-04-01,2024-04-02,1,500
05511138,AUDUSD,sell,0.64883,0.64947,10.0,1297.78,-843.5894,sl,2024-04-01,2024-04-02,1,500
0594547d,USDCAD,buy,1.35727,1.35591,5.41,1468.4147,-954.4328,sl,2024-04-01,2024-04-02,1,500
78ae1d05,USDJPY,buy,151.57716,151.78932,0.05,1515.62,833.447,tp,2024-04-02,2024-04-03,1,500
37ec5890,GBPUSD,sell,1.25775,1.25901,5.6,1408.8256,-915.7719,sl,2024-04-02,2024-04-03,1,500
ea34b17e,EURUSD,sell,1.07723,1.07831,6.54,1409.1607,-915.9897,sl,2024-04-02,2024-04-03,1,500
0e8cc57b,AUDUSD,sell,0.65179,0.65088,10.0,1303.72,717.1699,tp,2024-04-02,2024-04-03,1,500
8880ef5c,USDCAD,buy,1.35641,1.3583,5.19,1407.8083,774.1608,tp,2024-04-02,2024-04-03,1,500
40ace91e,USDJPY,buy,151.65716,151.50553,0.05,1516.42,-985.6351,sl,2024-04-03,2024-04-04,1,500
7d04dcc3,GBPUSD,sell,1.26483,1.2661,5.61,1419.2851,-922.5708,sl,2024-04-03,2024-04-04,1,500
b37d0bdf,EURUSD,sell,1.08323,1.08432,6.55,1419.1754,-922.4995,sl,2024-04-03,2024-04-04,1,500
d1e1107f,AUDUSD,sell,0.65604,0.6567,10.0,1312.22,-852.9758,sl,2024-04-03,2024-04-04,1,500
efc4742f,GBPUSD,sell,1.26396,1.26219,5.32,1344.9918,739.8732,tp,2024-04-04,2024-04-05,1,500
8bc55e4a,EURUSD,sell,1.08371,1.08219,6.2,1343.9368,739.2929,tp,2024-04-04,2024-04-05,1,500
a91e07ab,USDJPY,buy,151.62416,151.83639,0.05,1516.09,833.7055,tp,2024-04-05,2024-04-08,1,500
0778008d,USDCAD,sell,1.35836,1.35972,5.06,1374.802,-893.6557,sl,2024-04-05,2024-04-08,1,500
57cf953a,USDJPY,buy,151.82718,151.67538,0.05,1518.12,-986.74,sl,2024-04-08,2024-04-09,1,500
95daf5be,USDCAD,sell,1.3573,1.3554,5.06,1373.7293,755.6816,tp,2024-04-08,2024-04-09,1,500
0cbc658b,USDJPY,buy,151.75117,151.96358,0.05,1517.36,834.4039,tp,2024-04-09,2024-04-10,1,500
2687c7b9,USDCAD,sell,1.35686,1.35822,5.04,1367.856,-889.1406,sl,2024-04-09,2024-04-10,1,500
85ed5985,GBPUSD,sell,1.25348,1.25173,5.45,1366.4349,751.669,tp,2024-04-10,2024-04-11,1,500
7fd57576,EURUSD,sell,1.07418,1.07268,6.36,1366.4969,751.7031,tp,2024-04-10,2024-04-11,1,500
ea91770f,EURUSD,sell,1.07256,1.07106,6.51,1396.6163,768.2717,tp,2024-04-11,2024-04-12,1,500
44ccb3dd,GBPUSD,sell,1.25531,1.25356,5.57,1398.5602,769.341,tp,2024-04-11,2024-04-12,1,500
9f3f265d,AUDUSD,sell,0.64624,0.64533,10.0,1292.6,711.0528,tp,2024-04-12,2024-04-15,1,500
fe3b9de8,AUDUSD,sell,0.64401,0.6431,10.0,1288.14,708.5994,tp,2024-04-15,2024-04-16,1,500
705ba79b,GBPUSD,sell,1.24536,1.24361,5.85,1457.2116,801.6048,tp,2024-04-17,2024-04-18,1,500
d6e74015,EURUSD,sell,1.06698,1.06549,6.83,1457.6449,801.8432,tp,2024-04-17,2024-04-18,1,500
341c02b1,AUDUSD,sell,0.64349,0.64258,10.0,1287.1,708.0273,tp,2024-04-17,2024-04-18,1,500
782e2607,AUDUSD,sell,0.64195,0.64105,10.0,1284.02,706.333,tp,2024-04-18,2024-04-19,1,500
ed618ab2,AUDUSD,sell,0.64154,0.64218,10.0,1283.2,-834.1121,sl,2024-04-19,2024-04-22,1,500
f8168d8b,EURUSD,sell,1.06515,1.06366,7.12,1516.9302,834.4557,tp,2024-04-19,2024-04-22,1,500
27a67903,USDCAD,buy,1.37464,1.37326,5.52,1517.448,-986.3033,sl,2024-04-19,2024-04-22,1,500
2b18e337,EURUSD,sell,1.06502,1.06609,7.03,1497.5728,-973.4597,sl,2024-04-22,2024-04-23,1,500
2d582a74,AUDUSD,sell,0.64483,0.64547,10.0,1289.78,-838.3892,sl,2024-04-22,2024-04-23,1,500
bb77c6fd,USDCAD,buy,1.36982,1.36845,5.47,1498.4299,-973.942,sl,2024-04-22,2024-04-23,1,500
4edee208,GBPUSD,sell,1.24456,1.24281,5.79,1441.3394,792.8736,tp,2024-04-23,2024-04-24,1,500
97a03617,AUDUSD,sell,0.64864,0.64928,10.0,1297.4,-843.3424,sl,2024-04-23,2024-04-24,1,500
e5c64448,EURUSD,sell,1.07008,1.06858,6.74,1442.6161,793.5759,tp,2024-04-23,2024-04-24,1,500
60172767,GBPUSD,sell,1.24599,1.24723,5.84,1455.4565,-946.0831,sl,2024-04-24,2024-04-25,1,500
2e2bb639,EURUSD,sell,1.06956,1.06807,6.81,1456.8905,801.4282,tp,2024-04-24,2024-04-25,1,500
2d57ad84,AUDUSD,sell,0.6495,0.64859,10.0,1299.12,714.6394,tp,2024-04-24,2024-04-25,1,500
103d7a7b,USDCAD,sell,1.37691,1.37498,5.33,1467.9353,807.5039,tp,2024-04-30,2024-05-01,1,500
a5b5c959,EURUSD,buy,1.06701,1.0685,6.88,1468.0544,807.2905,tp,2024-04-30,2024-05-01,1,500
d9b8984c,AUDUSD,buy,0.65805,0.65897,10.0,1315.96,723.653,tp,2024-05-08,2024-05-09,1,500
e4798fa8,AUDUSD,buy,0.66197,0.6613,10.0,1323.8,-860.4369,sl,2024-05-09,2024-05-10,1,500
8e135281,USDCAD,buy,1.36787,1.3665,5.54,1515.4448,-985.0013,sl,2024-05-09,2024-05-10,1,500
f8aa4521,AUDUSD,buy,0.66017,0.66109,10.0,1320.2,725.9846,tp,2024-05-10,2024-05-13,1,500
fa057f5e,USDJPY,sell,156.17738,156.33359,0.05,1561.93,-1015.2935,sl,2024-05-13,2024-05-14,1,500
8bdedd6a,AUDUSD,buy,0.66067,0.66159,10.0,1321.2,726.5345,tp,2024-05-13,2024-05-14,1,500
d4ae7ba1,GBPUSD,sell,1.25565,1.2539,5.94,1491.8666,820.6684,tp,2024-05-13,2024-05-14,1,500
06db82ef,USDCAD,buy,1.36689,1.3688,5.46,1492.491,820.7283,tp,2024-05-13,2024-05-14,1,500
0a930f1c,USDJPY,sell,156.40136,156.18235,0.05,1564.17,860.4421,tp,2024-05-14,2024-05-15,1,500
db3dd5a2,AUDUSD,buy,0.66251,0.66343,10.0,1324.88,728.5581,tp,2024-05-14,2024-05-15,1,500
a93a10be,AUDUSD,buy,0.66768,0.66861,10.0,1335.22,734.2442,tp,2024-05-16,2024-05-17,1,500
68dba105,EURUSD,buy,1.08685,1.08576,7.2,1564.9056,-1017.1495,sl,2024-05-17,2024-05-20,1,500
d03b92cd,AUDUSD,buy,0.66927,0.6702,10.0,1338.4,735.9929,tp,2024-05-17,2024-05-20,1,500
dc83fe67,EURUSD,buy,1.08603,1.08494,7.18,1559.3811,-1013.5587,sl,2024-05-20,2024-05-21,1,500
2d785aa4,AUDUSD,buy,0.66677,0.6677,10.0,1333.4,733.2433,tp,2024-05-20,2024-05-21,1,500
b2552e9c,EURUSD,buy,1.08561,1.08452,7.16,1554.436,-1010.3445,sl,2024-05-21,2024-05-22,1,500
aba4d2ee,AUDUSD,buy,0.66671,0.66764,10.0,1333.28,733.1773,tp,2024-05-21,2024-05-22,1,500
e8d66c60,EURUSD,buy,1.08244,1.08395,7.16,1549.8966,852.2959,tp,2024-05-22,2024-05-23,1,500
5c6b57ee,AUDUSD,buy,0.66191,0.66283,10.0,1323.68,727.8983,tp,2024-05-22,2024-05-23,1,500
00ab9ba1,USDJPY,buy,156.9707,156.81375,0.05,1569.55,-1020.1683,sl,2024-05-23,2024-05-24,1,500
f5decde5,GBPUSD,buy,1.26995,1.27172,6.22,1579.6561,868.6608,tp,2024-05-23,2024-05-24,1,500
9419fe5b,EURUSD,buy,1.08153,1.08304,7.31,1581.036,869.4196,tp,2024-05-23,2024-05-24,1,500
1dc4d486,USDCAD,buy,1.373,1.37162,5.76,1581.5347,-1027.958,sl,2024-05-23,2024-05-24,1,500
0fe4eb48,USDJPY,buy,156.95869,156.80176,0.05,1569.43,-1020.0903,sl,2024-05-24,2024-05-27,1,500
1614bd91,EURUSD,buy,1.08461,1.08613,7.26,1574.694,865.9321,tp,2024-05-24,2024-05-27,1,500
bff02505,USDJPY,buy,156.87269,157.09226,0.05,1568.57,862.5645,tp,2024-05-27,2024-05-28,1,500
515f5be0,EURUSD,buy,1.08571,1.08723,7.24,1571.9488,864.4225,tp,2024-05-27,2024-05-28,1,500
2657592d,USDJPY,buy,157.15171,157.37168,0.05,1571.36,864.0987,tp,2024-05-28,2024-05-29,1,500
9cadaaf7,EURUSD,buy,1.0858,1.08471,7.4,1606.8212,-1044.3936,sl,2024-05-28,2024-05-29,1,500
e1626b16,USDJPY,buy,157.59576,157.43819,0.05,1575.8,-1024.2306,sl,2024-05-29,2024-05-30,1,500
90539efb,GBPUSD,buy,1.27039,1.27217,6.31,1603.0681,881.5352,tp,2024-05-29,2024-05-30,1,500
f2e4b94c,USDCAD,buy,1.3716,1.37023,5.84,1601.8653,-1041.1724,sl,2024-05-29,2024-05-30,1,500
a34efd2a,USDJPY,buy,156.78768,157.00713,0.05,1567.72,862.0971,tp,2024-05-30,2024-05-31,1,500
da89499a,GBPUSD,buy,1.27339,1.27517,6.2,1578.8424,868.2133,tp,2024-05-30,2024-05-31,1,500
5ffe5647,USDCAD,buy,1.36785,1.36648,5.77,1578.3373,-1025.8798,sl,2024-05-30,2024-05-31,1,500
f99848b2,USDJPY,buy,157.30573,157.14845,0.05,1572.9,-1022.3457,sl,2024-05-31,2024-06-03,1,500
70e85227,GBPUSD,buy,1.27423,1.27601,6.25,1592.625,875.7925,tp,2024-05-31,2024-06-03,1,500
2a47b068,USDCAD,buy,1.36274,1.36464,5.84,1591.5168,875.183,tp,2024-05-31,2024-06-03,1,500
7c9235cc,EURUSD,buy,1.09039,1.0893,7.37,1607.0727,-1044.5571,sl,2024-06-03,2024-06-04,1,500
4e9d57ba,USDCAD,buy,1.36283,1.36473,5.9,1607.9742,884.2331,tp,2024-06-03,2024-06-04,1,500
39b58672,GBPUSD,buy,1.27711,1.2789,6.28,1603.8869,881.9854,tp,2024-06-04,2024-06-05,1,500
721214c6,EURUSD,buy,1.08797,1.08688,7.37,1603.5056,-1042.2386,sl,2024-06-04,2024-06-05,1,500
52542408,GBPUSD,buy,1.27864,1.28043,6.26,1600.6945,880.2299,tp,2024-06-05,2024-06-06,1,500
a780b6c0,EURUSD,buy,1.08713,1.08865,7.36,1600.0934,879.8994,tp,2024-06-05,2024-06-06,1,500
5d7be170,USDCAD,buy,1.36934,1.36797,5.85,1601.964,-1041.2366,sl,2024-06-05,2024-06-06,1,500
9ba53b69,GBPUSD,buy,1.27919,1.28098,6.31,1614.1737,887.6422,tp,2024-06-06,2024-06-07,1,500
97fe59ef,EURUSD,buy,1.08902,1.08793,7.42,1615.9424,-1050.3222,sl,2024-06-06,2024-06-07,1,500
a15d94a6,USDCAD,buy,1.37654,1.37516,5.86,1613.1408,-1048.5012,sl,2024-06-07,2024-06-10,1,500
43063653,USDCAD,buy,1.37569,1.37761,5.78,1590.1358,874.4236,tp,2024-06-10,2024-06-11,1,500
edbe2b61,USDJPY,sell,157.09729,156.87731,0.05,1571.13,864.2708,tp,2024-06-11,2024-06-12,1,500
5a16d41e,USDCAD,buy,1.37567,1.37429,5.85,1609.3701,-1046.0503,sl,2024-06-11,2024-06-12,1,500
62ca89e5,EURUSD,buy,1.0812,1.08012,7.42,1604.3376,-1042.7793,sl,2024-06-12,2024-06-13,1,500
c2039cf6,USDCAD,buy,1.37177,1.37369,5.85,1604.8071,882.4914,tp,2024-06-12,2024-06-13,1,500
36a3cb9a,USDCAD,buy,1.37371,1.37563,5.83,1601.5826,880.7183,tp,2024-06-13,2024-06-14,1,500
cc55e7b0,USDCAD,buy,1.37304,1.37496,5.9,1620.022,890.8582,tp,2024-06-14,2024-06-17,1,500
ebf4edea,USDJPY,buy,157.74377,157.96457,0.05,1577.28,867.3542,tp,2024-06-17,2024-06-18,1,500
3747056e,EURUSD,sell,1.07302,1.07152,7.63,1637.5964,900.8336,tp,2024-06-17,2024-06-18,1,500
05ca107a,USDCAD,buy,1.37222,1.37414,5.97,1638.2635,900.8893,tp,2024-06-17,2024-06-18,1,500
87588754,USDJPY,buy,157.83678,158.05771,0.05,1578.21,867.8656,tp,2024-06-18,2024-06-19,1,500
189b9d35,EURUSD,sell,1.07389,1.07497,7.87,1690.476,-1098.8517,sl,2024-06-18,2024-06-19,1,500
1a15daef,USDCAD,buy,1.37173,1.37036,6.16,1689.7989,-1098.327,sl,2024-06-18,2024-06-19,1,500
a657193e,USDJPY,buy,158.0038,158.22496,0.05,1579.88,868.7839,tp,2024-06-19,2024-06-20,1,500
582a6e65,EURUSD,sell,1.07429,1.07279,7.74,1663.1712,914.9022,tp,2024-06-19,2024-06-20,1,500
9a2140d7,USDCAD,buy,1.37034,1.36897,6.07,1663.4228,-1081.1832,sl,2024-06-19,2024-06-20,1,500
ba96cdbd,EURUSD,sell,1.07029,1.06879,7.84,1678.3872,923.2724,tp,2024-06-20,2024-06-21,1,500
41e677ba,AUDUSD,sell,0.66542,0.66449,10.0,1330.98,732.1654,tp,2024-06-20,2024-06-21,1,500
d8d3693a,EURUSD,sell,1.06899,1.07006,8.0,1710.56,-1111.9068,sl,2024-06-21,2024-06-24,1,500
5ddde1b9,EURUSD,sell,1.07321,1.07171,7.87,1689.4057,929.3336,tp,2024-06-24,2024-06-25,1,500
33b2536e,EURUSD,sell,1.07112,1.06962,7.97,1707.5406,939.3096,tp,2024-06-25,2024-06-26,1,500
30f027d1,EURUSD,sell,1.06788,1.06895,8.08,1725.8718,-1121.8598,sl,2024-06-26,2024-06-27,1,500
7365a5f1,EURUSD,sell,1.07037,1.06887,7.96,1704.2042,937.4742,tp,2024-06-27,2024-06-28,1,500
3de6726f,AUDUSD,buy,0.66667,0.6676,10.0,1333.2,733.1333,tp,2024-06-28,2024-07-01,1,500
91fb30c0,AUDUSD,buy,0.66587,0.6668,10.0,1331.6,732.2535,tp,2024-07-01,2024-07-02,1,500
53087ca9,AUDUSD,buy,0.66655,0.66748,10.0,1332.96,733.0014,tp,2024-07-02,2024-07-03,1,500
702ff9ce,AUDUSD,buy,0.67049,0.67143,10.0,1340.84,737.3346,tp,2024-07-03,2024-07-04,1,500
16a95193,AUDUSD,buy,0.67267,0.67361,10.0,1345.2,739.7322,tp,2024-07-04,2024-07-05,1,500
6f28d6e1,GBPUSD,buy,1.27606,1.27784,6.98,1781.1983,979.4898,tp,2024-07-04,2024-07-05,1,500
e64ec39f,GBPUSD,buy,1.28135,1.28314,7.09,1816.77,999.0509,tp,2024-07-05,2024-07-08,1,500
cc0c6ef8,GBPUSD,buy,1.28076,1.27948,7.17,1836.4234,-1193.6293,sl,2024-07-08,2024-07-09,1,500
3b4e72c1,AUDUSD,buy,0.67375,0.67469,10.0,1347.36,740.92,tp,2024-07-08,2024-07-09,1,500
77089888,GBPUSD,buy,1.27883,1.28062,7.14,1825.9836,1004.1175,tp,2024-07-09,2024-07-10,1,500
44cb6a39,AUDUSD,buy,0.67402,0.67496,10.0,1347.9,741.2169,tp,2024-07-09,2024-07-10,1,500
ea93bd53,USDCAD,sell,1.36156,1.35966,6.84,1862.8056,1024.72,tp,2024-07-10,2024-07-11,1,500
82a39465,EURUSD,buy,1.0867,1.08822,8.66,1881.9739,1034.9068,tp,2024-07-11,2024-07-12,1,500
df3af003,USDCAD,sell,1.36303,1.36113,6.9,1881.1746,1034.8247,tp,2024-07-11,2024-07-12,1,500
2a33b46c,USDCAD,sell,1.36296,1.36433,7.06,1924.6972,-1251.1013,sl,2024-07-12,2024-07-15,1,500
487255ac,EURUSD,buy,1.08957,1.08848,8.71,1897.8393,-1233.5481,sl,2024-07-15,2024-07-16,1,500
d2145dbd,AUDUSD,buy,0.67591,0.67523,10.0,1351.68,-878.5582,sl,2024-07-15,2024-07-16,1,500
9ef41f20,USDCAD,sell,1.36806,1.36943,6.94,1899.0616,-1234.4375,sl,2024-07-15,2024-07-16,1,500
4a33c80a,EURUSD,buy,1.08988,1.0914,8.4,1830.8136,1006.7736,tp,2024-07-16,2024-07-17,1,500
a9d7f833,AUDUSD,buy,0.67326,0.6742,10.0,1346.38,740.3811,tp,2024-07-16,2024-07-17,1,500
39d6b3bb,AUDUSD,buy,0.67284,0.67378,10.0,1345.54,739.9192,tp,2024-07-17,2024-07-18,1,500
54081e84,GBPUSD,buy,1.29415,1.29286,7.27,1881.5051,-1222.9313,sl,2024-07-18,2024-07-19,1,500
c9003b5c,EURUSD,buy,1.08986,1.08877,8.63,1880.9085,-1222.5435,sl,2024-07-18,2024-07-19,1,500
92efc799,USDCAD,buy,1.37036,1.37228,6.86,1879.9418,1033.7894,tp,2024-07-18,2024-07-19,1,500
ced28aeb,GBPUSD,buy,1.29113,1.29294,7.18,1853.876,1019.4557,tp,2024-07-19,2024-07-22,1,500
9a5d0b57,EURUSD,buy,1.08833,1.08985,8.51,1852.1504,1018.5068,tp,2024-07-19,2024-07-22,1,500
824d6d14,USDCAD,buy,1.37334,1.37526,6.75,1853.82,1019.4249,tp,2024-07-19,2024-07-22,1,500
d99ab5a6,USDCAD,buy,1.37566,1.37758,6.96,1914.7238,1052.9162,tp,2024-07-22,2024-07-23,1,500
feea93ef,GBPUSD,buy,1.29309,1.2918,7.4,1913.5808,-1243.7797,sl,2024-07-22,2024-07-23,1,500
6042bccc,EURUSD,buy,1.08911,1.08802,8.79,1914.462,-1244.3524,sl,2024-07-22,2024-07-23,1,500
3ff67c14,GBPUSD,buy,1.29069,1.2925,7.3,1884.2176,1036.1407,tp,2024-07-23,2024-07-24,1,500
6d43c93c,EURUSD,buy,1.08542,1.08433,8.69,1886.2688,-1226.0276,sl,2024-07-23,2024-07-24,1,500
9619e1e3,GBPUSD,buy,1.29087,1.28958,7.29,1881.8989,-1223.1873,sl,2024-07-24,2024-07-25,1,500
c448dd93,USDCAD,buy,1.38053,1.38246,6.73,1858.0049,1021.7262,tp,2024-07-31,2024-08-01,1,500
99aedd91,USDCAD,buy,1.38194,1.38387,6.79,1876.4844,1031.8882,tp,2024-08-05,2024-08-06,1,500
c148a893,EURUSD,buy,1.09535,1.09425,8.57,1877.2414,-1220.16,sl,2024-08-05,2024-08-06,1,500
c52ff833,EURUSD,buy,1.09301,1.09192,8.57,1873.2306,-1217.5531,sl,2024-08-06,2024-08-07,1,500
1bb92dfc,EURUSD,buy,1.09237,1.0939,8.47,1850.2884,1017.4829,tp,2024-08-07,2024-08-08,1,500
00fd1f7d,EURUSD,buy,1.09175,1.09328,8.56,1868.8877,1027.7107,tp,2024-08-08,2024-08-12,2,500
23ff1d8d,EURUSD,buy,1.09328,1.09481,8.65,1891.1841,1039.9716,tp,2024-08-12,2024-08-13,1,500
dbca86d6,EURUSD,buy,1.09728,1.09882,8.71,1911.2701,1051.017,tp,2024-08-15,2024-08-16,1,500
391eda69,GBPUSD,buy,1.28552,1.28732,7.43,1910.0895,1050.3678,tp,2024-08-15,2024-08-16,1,500
2ecf8aec,GBPUSD,buy,1.29453,1.29634,7.54,1951.9552,1073.3899,tp,2024-08-16,2024-08-19,1,500
dd286ada,USDJPY,buy,146.57566,146.78082,0.07,2051.854,1128.3248,tp,2024-08-19,2024-08-20,1,500
85c74b2c,USDJPY,buy,145.12451,145.32764,0.07,2031.54,1117.154,tp,2024-08-20,2024-08-21,1,500
cd36e351,AUDUSD,buy,0.67029,0.67123,10.0,1340.44,737.1147,tp,2024-08-22,2024-08-23,1,500
24b6c7c5,USDCAD,sell,1.36133,1.35943,7.42,2020.4215,1111.4238,tp,2024-08-22,2024-08-23,1,500
0068812b,AUDUSD,buy,0.67712,0.67807,10.0,1354.1,744.6264,tp,2024-08-26,2024-08-27,1,500
9f00c30c,EURUSD,buy,1.11199,1.11355,9.31,2070.3206,1138.4796,tp,2024-08-28,2024-08-29,1,500
d542a809,EURUSD,buy,1.10791,1.1068,9.45,2093.742,-1360.88,sl,2024-08-29,2024-08-30,1,500
9b51c23b,GBPUSD,buy,1.31273,1.31457,7.87,2066.0324,1136.1215,tp,2024-08-30,2024-09-02,1,500
24a266b7,AUDUSD,buy,0.67647,0.67741,10.0,1352.8,743.9115,tp,2024-08-30,2024-09-02,1,500
08e21797,GBPUSD,buy,1.31458,1.31327,8.01,2105.7489,-1368.6841,sl,2024-09-02,2024-09-03,1,500
1c1d1e05,AUDUSD,buy,0.67907,0.67839,10.0,1358.0,-882.666,sl,2024-09-02,2024-09-03,1,500
7d3cc934,USDCAD,sell,1.35453,1.35264,7.6,2059.0984,1132.6997,tp,2024-09-03,2024-09-04,1,500
dae47941,GBPUSD,buy,1.3108,1.31264,7.86,2060.3732,1133.0095,tp,2024-09-03,2024-09-04,1,500
d24dfc1b,USDCAD,sell,1.35048,1.35184,7.79,2104.266,-1367.8255,sl,2024-09-04,2024-09-05,1,500
7e87029e,GBPUSD,buy,1.31493,1.31677,8.0,2103.68,1156.8242,tp,2024-09-04,2024-09-05,1,500
47da080d,USDCAD,sell,1.34994,1.34805,7.78,2100.7245,1155.598,tp,2024-09-05,2024-09-06,1,500
6a1050d4,GBPUSD,buy,1.31804,1.31989,7.97,2100.7485,1155.2121,tp,2024-09-05,2024-09-06,1,500
26198322,AUDUSD,buy,0.67612,0.67706,10.0,1352.1,743.5266,tp,2024-09-18,2024-09-19,1,500
3739c6fa,AUDUSD,buy,0.68124,0.68219,10.0,1362.34,749.1576,tp,2024-09-19,2024-09-20,1,500
e10d4ac8,EURUSD,buy,1.11624,1.1178,9.68,2160.8277,1188.2499,tp,2024-09-19,2024-09-20,1,500
adad8131,AUDUSD,buy,0.68067,0.68162,10.0,1361.2,748.5307,tp,2024-09-20,2024-09-23,1,500
1a1cf57c,EURUSD,buy,1.11628,1.11517,9.86,2201.0872,-1430.6517,sl,2024-09-20,2024-09-23,1,500
a83da936,EURUSD,buy,1.11121,1.11277,9.84,2186.6448,1202.4469,tp,2024-09-23,2024-09-24,1,500
f794e1ae,EURUSD,buy,1.11794,1.11951,9.89,2211.0677,1215.8772,tp,2024-09-24,2024-09-25,1,500
439403a8,GBPUSD,buy,1.33216,1.33403,8.39,2235.1463,1229.1181,tp,2024-09-25,2024-09-26,1,500
57fed4b7,AUDUSD,buy,0.6825,0.68345,10.0,1364.86,750.5433,tp,2024-09-25,2024-09-26,1,500
0729748d,USDCAD,sell,1.34789,1.346,8.29,2235.0172,1229.4718,tp,2024-09-25,2024-09-26,1,500
601dbdcb,EURUSD,buy,1.11341,1.11497,10.0,2226.6,1224.4185,tp,2024-09-25,2024-09-26,1,500
8ca0c835,USDCAD,sell,1.34657,1.34791,8.63,2324.4042,-1510.9208,sl,2024-09-26,2024-09-27,1,500
333e8b9d,EURUSD,buy,1.11759,1.11916,10.0,2234.96,1229.0157,tp,2024-09-26,2024-09-27,1,500
2d9b4f44,USDJPY,buy,142.16422,142.3632,0.08,2274.4,1250.7039,tp,2024-09-27,2024-09-30,1,500
44422b93,GBPUSD,buy,1.33743,1.33931,8.67,2318.8782,1275.1627,tp,2024-09-27,2024-09-30,1,500
bf0e5deb,USDCAD,sell,1.35106,1.34917,8.58,2318.6592,1275.4828,tp,2024-09-27,2024-09-30,1,500
936bd463,EURUSD,buy,1.11621,1.11777,10.0,2232.2,1227.4979,tp,2024-09-27,2024-09-30,1,500
c0711d21,GBPUSD,buy,1.33734,1.33601,9.04,2417.6757,-1571.4288,sl,2024-09-30,2024-10-01,1,500
e9e3e0b2,USDCAD,sell,1.35226,1.35037,8.94,2418.0912,1330.1799,tp,2024-09-30,2024-10-01,1,500
7ad50cd3,AUDUSD,buy,0.68818,0.68914,10.0,1376.22,756.7903,tp,2024-10-01,2024-10-02,1,500
0a6c8781,USDCAD,sell,1.34887,1.35021,8.95,2414.71,-1569.6219,sl,2024-10-01,2024-10-02,1,500
8d416679,GBPUSD,buy,1.32833,1.33019,9.09,2414.6676,1327.8378,tp,2024-10-01,2024-10-02,1,500
b0cf09a3,AUDUSD,buy,0.68837,0.68768,10.0,1376.6,-894.7556,sl,2024-10-02,2024-10-03,1,500
9b98222c,USDCAD,sell,1.35006,1.35142,8.98,2424.9592,-1576.2841,sl,2024-10-02,2024-10-03,1,500
e3e92dfb,AUDUSD,buy,0.68403,0.68499,10.0,1367.92,752.226,tp,2024-10-03,2024-10-04,1,500
ad14ec33,USDJPY,buy,149.59496,149.80435,0.08,2393.28,1316.0766,tp,2024-10-16,2024-10-17,1,500
c08ff63f,USDJPY,buy,149.49995,149.7092,0.08,2391.76,1315.2408,tp,2024-10-18,2024-10-21,1,500
6da7b7fe,AUDUSD,sell,0.66345,0.66252,10.0,1327.04,729.9981,tp,2024-10-23,2024-10-24,1,500
d691a571,GBPUSD,sell,1.29694,1.29824,9.47,2456.6506,-1596.8843,sl,2024-10-24,2024-10-25,1,500
c203404f,AUDUSD,sell,0.66388,0.66295,10.0,1327.9,730.4712,tp,2024-10-24,2024-10-25,1,500
ef1955ba,GBPUSD,sell,1.29577,1.29707,9.41,2438.8838,-1585.3354,sl,2024-10-25,2024-10-28,1,500
8ec6c3cc,GBPUSD,sell,1.29656,1.29786,9.29,2409.25,-1566.0727,sl,2024-10-28,2024-10-29,1,500
ad77ae2c,EURUSD,sell,1.08123,1.07972,10.0,2162.68,1189.6795,tp,2024-10-28,2024-10-29,1,500
52c5d8dc,EURUSD,sell,1.08129,1.08237,10.0,2162.8,-1405.8741,sl,2024-10-29,2024-10-30,1,500
06a5d664,GBPUSD,sell,1.3006,1.29878,9.23,2401.1476,1320.8593,tp,2024-10-29,2024-10-30,1,500
9e2b25b5,GBPUSD,sell,1.29612,1.29431,9.25,2398.0625,1319.1622,tp,2024-10-30,2024-10-31,1,500
d02ff09a,USDJPY,buy,152.0552,152.26804,0.08,2432.64,1337.7209,tp,2024-10-31,2024-11-01,1,500
6ecff750,GBPUSD,sell,1.28909,1.29038,9.41,2426.312,-1577.1635,sl,2024-10-31,2024-11-01,1,500
24719089,GBPUSD,sell,1.29247,1.29376,9.36,2419.7472,-1572.8962,sl,2024-11-01,2024-11-04,1,500
932a0f48,AUDUSD,sell,0.65813,0.65879,10.0,1316.4,-855.6929,sl,2024-11-04,2024-11-05,1,500
4af1808a,GBPUSD,sell,1.29551,1.29681,9.22,2389.1602,-1553.0138,sl,2024-11-04,2024-11-05,1,500
12382c0d,AUDUSD,sell,0.66352,0.66259,10.0,1327.18,730.0751,tp,2024-11-05,2024-11-06,1,500
320ffeea,AUDUSD,sell,0.65678,0.65744,10.0,1313.7,-853.9378,sl,2024-11-06,2024-11-07,1,500
3f3e7e10,EURUSD,sell,1.07171,1.07021,10.0,2143.64,1179.2056,tp,2024-11-08,2024-11-11,1,500
85d4642d,GBPUSD,sell,1.28656,1.28476,9.18,2362.3628,1299.524,tp,2024-11-11,2024-11-12,1,500
a2bfca8c,AUDUSD,sell,0.65309,0.65218,10.0,1306.32,718.6001,tp,2024-11-12,2024-11-13,1,500
8ee61fd6,AUDUSD,sell,0.6484,0.64749,10.0,1296.92,713.4292,tp,2024-11-13,2024-11-14,1,500
61d51fd8,USDJPY,buy,154.32443,154.54044,0.08,2468.944,1357.6847,tp,2024-11-15,2024-11-18,1,500
bd3dd46c,EURUSD,sell,1.05968,1.0582,10.0,2119.58,1165.9704,tp,2024-11-18,2024-11-19,1,500
f911fb82,AUDUSD,sell,0.65063,0.64972,10.0,1301.4,715.8936,tp,2024-11-18,2024-11-19,1,500
04509160,USDCAD,buy,1.4015,1.40346,8.72,2443.9718,1343.9523,tp,2024-11-18,2024-11-19,1,500
0d2b2dfb,GBPUSD,sell,1.26796,1.26619,9.89,2508.282,1379.7934,tp,2024-11-19,2024-11-20,1,500
9483a1e1,EURUSD,sell,1.05926,1.05778,10.0,2118.74,1165.5083,tp,2024-11-19,2024-11-20,1,500
e082239b,AUDUSD,sell,0.65301,0.6521,10.0,1306.16,718.5121,tp,2024-11-19,2024-11-20,1,500
dae98f95,AUDUSD,sell,0.65039,0.65105,10.0,1300.92,-845.6305,sl,2024-11-20,2024-11-21,1,500
38123c0b,GBPUSD,sell,1.26784,1.26607,10.0,2535.94,1395.0079,tp,2024-11-27,2024-11-28,1,500
1fb68dc1,AUDUSD,buy,0.64963,0.65054,10.0,1299.14,714.4036,tp,2024-11-27,2024-11-28,1,500
8674412b,USDCAD,sell,1.40096,1.399,9.27,2597.6394,1428.9484,tp,2024-11-28,2024-11-29,1,500
21b8e7ca,AUDUSD,sell,0.64388,0.64297,10.0,1287.88,708.4563,tp,2024-12-09,2024-12-10,1,500
1e8d0154,AUDUSD,sell,0.63748,0.63658,10.0,1275.08,701.4151,tp,2024-12-10,2024-12-11,1,500
c22ddf83,AUDUSD,sell,0.63677,0.6374,10.0,1273.66,-827.9108,sl,2024-12-11,2024-12-12,1,500
419e3d24,AUDUSD,sell,0.63663,0.63573,10.0,1273.38,700.48,tp,2024-12-12,2024-12-13,1,500
bd745fd9,USDJPY,buy,153.69837,153.9135,0.09,2766.294,1521.1989,tp,2024-12-13,2024-12-16,1,500
5b14e5d4,USDJPY,buy,154.13041,153.97631,0.09,2774.07,-1803.0761,sl,2024-12-16,2024-12-17,1,500
060888bb,AUDUSD,sell,0.63702,0.63612,10.0,1274.16,700.909,tp,2024-12-16,2024-12-17,1,500
4fef272a,USDJPY,buy,153.42734,153.64209,0.09,2761.416,1518.5165,tp,2024-12-17,2024-12-18,1,500
2fb30712,USDJPY,buy,154.83048,155.0472,0.09,2786.67,1532.4038,tp,2024-12-18,2024-12-19,1,500
44712752,USDJPY,buy,156.42264,156.64159,0.09,2815.326,1548.1618,tp,2024-12-20,2024-12-23,1,500
99514f08,GBPUSD,sell,1.25632,1.25457,10.0,2512.9,1382.3337,tp,2024-12-20,2024-12-23,1,500
7566e72f,EURUSD,sell,1.04234,1.04088,10.0,2084.88,1146.8821,tp,2024-12-20,2024-12-23,1,500
8cc9ca22,GBPUSD,sell,1.25318,1.25444,10.0,2506.62,-1629.3657,sl,2024-12-23,2024-12-24,1,500
02460870,EURUSD,sell,1.04038,1.03892,10.0,2080.96,1144.7257,tp,2024-12-23,2024-12-24,1,500
f00c01fd,GBPUSD,sell,1.25317,1.25443,10.0,2506.6,-1629.3527,sl,2024-12-24,2024-12-25,1,500
cd947829,EURUSD,sell,1.04,1.04104,10.0,2080.2,-1352.182,sl,2024-12-24,2024-12-25,1,500
7433cd7f,GBPUSD,sell,1.25517,1.25342,10.0,2510.6,1381.0685,tp,2024-12-25,2024-12-26,1,500
fb286267,EURUSD,sell,1.04,1.04104,10.0,2080.2,-1352.182,sl,2024-12-25,2024-12-26,1,500
dc37230a,GBPUSD,sell,1.25236,1.25061,10.0,2504.98,1377.977,tp,2024-12-26,2024-12-27,1,500
3aa2480b,GBPUSD,sell,1.25701,1.25525,10.0,2514.28,1383.0929,tp,2024-12-27,2024-12-30,1,500
99df652d,USDJPY,buy,156.86568,157.08525,0.09,2823.3,1552.5468,tp,2024-12-30,2024-12-31,1,500
428303c9,GBPUSD,sell,1.25494,1.25319,10.0,2510.14,1380.8155,tp,2024-12-30,2024-12-31,1,500
